ISO3,VACCINE_NAME,PRODUCT_NAME,COMPANY_NAME,AUTHORIZATION_DATE,START_DATE,END_DATE,COMMENT,DATA_SOURCE
SHN,AstraZeneca - AZD1222,AZD1222,AstraZeneca,,,,,OWID
GRL,Moderna - mRNA-1273,mRNA-1273,Moderna,,,,,OWID
FRO,Moderna - mRNA-1273,mRNA-1273,Moderna,,,,,OWID
FRO,Pfizer BioNTech - Comirnaty,Comirnaty,Pfizer BioNTech,,,,,OWID
BIH,AstraZeneca - AZD1222,AZD1222,AstraZeneca,,,,,OWID
BIH,Pfizer BioNTech - Comirnaty,Comirnaty,Pfizer BioNTech,,,,,OWID
BIH,Sinovac - CoronaVac,Coronavac,Sinovac,,,,,OWID
JEY,Moderna - mRNA-1273,mRNA-1273,Moderna,,,,,OWID
JEY,AstraZeneca - AZD1222,AZD1222,AstraZeneca,,,,,OWID
JEY,Pfizer BioNTech - Comirnaty,Comirnaty,Pfizer BioNTech,,,,,OWID
GGY,Moderna - mRNA-1273,mRNA-1273,Moderna,,,,,OWID
GGY,AstraZeneca - AZD1222,AZD1222,AstraZeneca,,,,,OWID
GGY,Pfizer BioNTech - Comirnaty,Comirnaty,Pfizer BioNTech,,,,,OWID
GIB,AstraZeneca - AZD1222,AZD1222,AstraZeneca,,,,,OWID
GIB,Pfizer BioNTech - Comirnaty,Comirnaty,Pfizer BioNTech,,,,,OWID
TUR,Pfizer BioNTech - Comirnaty,Comirnaty,Pfizer BioNTech,,,,,OWID
TUR,Sinovac - CoronaVac,Coronavac,Sinovac,,,,,OWID
TUR,Turkovac,,,,,,,OWID
RUS,SRCVB - EpiVacCorona,EpiVacCorona,State Research Center of Virology & Biotechnology,,,,,OWID
FLK,AstraZeneca - AZD1222,AZD1222,AstraZeneca,,,,,OWID
IMN,Moderna - mRNA-1273,mRNA-1273,Moderna,,,,,OWID
IMN,AstraZeneca - AZD1222,AZD1222,AstraZeneca,,,,,OWID
IMN,Pfizer BioNTech - Comirnaty,Comirnaty,Pfizer BioNTech,,,,,OWID
TKM,Anhui ZL - Zifivax,Zifivax,Anhui Zhifei Longcom Biopharmaceutical,,2021-02-24,,,REPORTING
CHN,Anhui ZL - Zifivax,Zifivax,Anhui Zhifei Longcom Biopharmaceutical,2021-03-17,2021-03-17,,,REPORTING
UZB,Anhui ZL - Zifivax,Zifivax,Anhui Zhifei Longcom Biopharmaceutical,,2021-04-28,,,REPORTING
CHN,Shenzhen - LV-SMENP-DC,LV-SMENP-DC,Shenzhen GenoImmune Medical Institute,2021-05-14,2021-06-01,,,REPORTING
DEU,Valneva - VLA2001,VLA2001,Valneva,,2022-09-14,,,REPORTING
AUT,Valneva - VLA2001,VLA2001,Valneva,,2022-08-24,,,REPORTING
CUB,Finlay - Soberana-02,Soberana-02,Instituto Finlay de Vacunas,,,,,REPORTING
NIC,Finlay - Soberana-02,Soberana-02,Instituto Finlay de Vacunas,,2021-10-25,,,REPORTING
IRN,Finlay - Soberana-02,Soberana-02,Instituto Finlay de Vacunas,,,,,REPORTING
VEN,Finlay - Soberana-02,Soberana-02,Instituto Finlay de Vacunas,,,,,REPORTING
CHN,IMB - Covidful,Covidful,Insitute of Medical Biology,2021-06-09,2021-06-09,,,REPORTING
ARM,Gamaleya - Gam-Covid-Vac,Gam-Covid-Vac,Gamaleya Research Institute,,2021-01-27,,,REPORTING
VNM,Gamaleya - Gam-Covid-Vac,Gam-Covid-Vac,Gamaleya Research Institute,2021-03-23,2021-08-01,,,REPORTING
YEM,Gamaleya - Gam-Covid-Vac,Gam-Covid-Vac,Gamaleya Research Institute,,,,,REPORTING
KAZ,Gamaleya - Gam-Covid-Vac,Gam-Covid-Vac,Gamaleya Research Institute,,2021-04-07,,,REPORTING
TKM,Gamaleya - Gam-Covid-Vac,Gam-Covid-Vac,Gamaleya Research Institute,,2021-02-24,,,REPORTING
OMN,Gamaleya - Gam-Covid-Vac,Gam-Covid-Vac,Gamaleya Research Institute,2021-02-14,2020-12-29,,,REPORTING
PHL,Gamaleya - Gam-Covid-Vac,Gam-Covid-Vac,Gamaleya Research Institute,2021-03-19,2021-05-04,,,REPORTING
LAO,Gamaleya - Gam-Covid-Vac,Gam-Covid-Vac,Gamaleya Research Institute,2021-02-03,2021-02-09,,,REPORTING
GIN,Gamaleya - Gam-Covid-Vac,Gam-Covid-Vac,Gamaleya Research Institute,2021-01-27,2021-03-05,,,REPORTING
GHA,Gamaleya - Gam-Covid-Vac,Gam-Covid-Vac,Gamaleya Research Institute,2021-02-09,2021-03-02,,,REPORTING
SYR,Gamaleya - Gam-Covid-Vac,Gam-Covid-Vac,Gamaleya Research Institute,2021-02-03,2021-04-01,,,REPORTING
CIV,Gamaleya - Gam-Covid-Vac,Gam-Covid-Vac,Gamaleya Research Institute,,2021-03-01,,,REPORTING
VEN,Gamaleya - Gam-Covid-Vac,Gam-Covid-Vac,Gamaleya Research Institute,2021-01-01,2021-02-22,,,REPORTING
LBN,Gamaleya - Gam-Covid-Vac,Gam-Covid-Vac,Gamaleya Research Institute,2020-12-16,2021-02-14,,,REPORTING
LKA,Gamaleya - Gam-Covid-Vac,Gam-Covid-Vac,Gamaleya Research Institute,2021-03-04,2021-05-06,,,REPORTING
PRY,Gamaleya - Gam-Covid-Vac,Gam-Covid-Vac,Gamaleya Research Institute,2020-12-22,2021-02-22,,,REPORTING
NIC,Gamaleya - Gam-Covid-Vac,Gam-Covid-Vac,Gamaleya Research Institute,2021-02-02,2021-03-03,,,REPORTING
MDV,Gamaleya - Gam-Covid-Vac,Gam-Covid-Vac,Gamaleya Research Institute,2021-01-30,,,,REPORTING
JOR,Gamaleya - Gam-Covid-Vac,Gam-Covid-Vac,Gamaleya Research Institute,2020-12-13,2021-01-13,,,REPORTING
IRN,Gamaleya - Gam-Covid-Vac,Gam-Covid-Vac,Gamaleya Research Institute,2021-01-27,2021-02-09,,,REPORTING
KWT,Gamaleya - Gam-Covid-Vac,Gam-Covid-Vac,Gamaleya Research Institute,,,,,REPORTING
MNE,Gamaleya - Gam-Covid-Vac,Gam-Covid-Vac,Gamaleya Research Institute,,2021-02-24,,,REPORTING
BGD,Gamaleya - Gam-Covid-Vac,Gam-Covid-Vac,Gamaleya Research Institute,2021-04-27,,,,REPORTING
SRB,Gamaleya - Gam-Covid-Vac,Gam-Covid-Vac,Gamaleya Research Institute,,2021-01-06,,,REPORTING
UZB,Gamaleya - Gam-Covid-Vac,Gam-Covid-Vac,Gamaleya Research Institute,,2021-04-28,,,REPORTING
MNG,Gamaleya - Gam-Covid-Vac,Gam-Covid-Vac,Gamaleya Research Institute,2021-02-06,2021-03-19,,,REPORTING
PAK,Gamaleya - Gam-Covid-Vac,Gam-Covid-Vac,Gamaleya Research Institute,2021-01-20,2021-02-03,,,REPORTING
SAU,Gamaleya - Gam-Covid-Vac,Gam-Covid-Vac,Gamaleya Research Institute,,,,,REPORTING
DZA,Gamaleya - Gam-Covid-Vac,Gam-Covid-Vac,Gamaleya Research Institute,2021-01-10,2021-01-30,,,REPORTING
RWA,Gamaleya - Gam-Covid-Vac,Gam-Covid-Vac,Gamaleya Research Institute,2021-03-31,,,,REPORTING
SDN,Gamaleya - Gam-Covid-Vac,Gam-Covid-Vac,Gamaleya Research Institute,,,,,REPORTING
IND,Gamaleya - Gam-Covid-Vac,Gam-Covid-Vac,Gamaleya Research Institute,2021-04-12,2021-05-14,,,REPORTING
ALB,Gamaleya - Gam-Covid-Vac,Gam-Covid-Vac,Gamaleya Research Institute,,2021-03-24,,,REPORTING
LBY,Gamaleya - Gam-Covid-Vac,Gam-Covid-Vac,Gamaleya Research Institute,2021-02-24,2021-04-11,,,REPORTING
VCT,Gamaleya - Gam-Covid-Vac,Gam-Covid-Vac,Gamaleya Research Institute,2021-01-30,2021-02-01,,,REPORTING
HND,Gamaleya - Gam-Covid-Vac,Gam-Covid-Vac,Gamaleya Research Institute,2021-02-19,2021-04-22,,,REPORTING
ATG,Gamaleya - Gam-Covid-Vac,Gam-Covid-Vac,Gamaleya Research Institute,2021-07-24,2021-08-16,,,REPORTING
NPL,Gamaleya - Gam-Covid-Vac,Gam-Covid-Vac,Gamaleya Research Institute,2021-04-20,,,,REPORTING
MKD,Gamaleya - Gam-Covid-Vac,Gam-Covid-Vac,Gamaleya Research Institute,,2021-03-10,,,REPORTING
BLR,Gamaleya - Gam-Covid-Vac,Gam-Covid-Vac,Gamaleya Research Institute,,2021-02-03,,,REPORTING
ARG,Gamaleya - Gam-Covid-Vac,Gam-Covid-Vac,Gamaleya Research Institute,2020-12-23,2020-12-29,,,REPORTING
SYC,Gamaleya - Gam-Covid-Vac,Gam-Covid-Vac,Gamaleya Research Institute,,,,,REPORTING
GTM,Gamaleya - Gam-Covid-Vac,Gam-Covid-Vac,Gamaleya Research Institute,,2021-05-17,,,REPORTING
QAT,Gamaleya - Gam-Covid-Vac,Gam-Covid-Vac,Gamaleya Research Institute,,,,,REPORTING
IRQ,Gamaleya - Gam-Covid-Vac,Gam-Covid-Vac,Gamaleya Research Institute,2020-12-29,2021-03-02,,,REPORTING
BHR,Gamaleya - Gam-Covid-Vac,Gam-Covid-Vac,Gamaleya Research Institute,2020-11-03,2020-11-04,,,REPORTING
GUY,Gamaleya - Gam-Covid-Vac,Gam-Covid-Vac,Gamaleya Research Institute,2021-04-02,2021-04-02,,,REPORTING
SOM,Gamaleya - Gam-Covid-Vac,Gam-Covid-Vac,Gamaleya Research Institute,,,,,REPORTING
ARE,Gamaleya - Gam-Covid-Vac,Gam-Covid-Vac,Gamaleya Research Institute,,,,,REPORTING
BOL,Gamaleya - Gam-Covid-Vac,Gam-Covid-Vac,Gamaleya Research Institute,,2021-01-30,,,REPORTING
MAR,Gamaleya - Gam-Covid-Vac,Gam-Covid-Vac,Gamaleya Research Institute,,,,,REPORTING
KGZ,Gamaleya - Gam-Covid-Vac,Gam-Covid-Vac,Gamaleya Research Institute,,2021-04-21,,,REPORTING
HUN,Gamaleya - Gam-Covid-Vac,Gam-Covid-Vac,Gamaleya Research Institute,,2021-02-10,,,REPORTING
TUN,Gamaleya - Gam-Covid-Vac,Gam-Covid-Vac,Gamaleya Research Institute,2021-01-11,2021-03-13,,,REPORTING
MDA,Gamaleya - Gam-Covid-Vac,Gam-Covid-Vac,Gamaleya Research Institute,,2021-05-05,,,REPORTING
AFG,Gamaleya - Gam-Covid-Vac,Gam-Covid-Vac,Gamaleya Research Institute,,,,,REPORTING
SVK,Gamaleya - Gam-Covid-Vac,Gam-Covid-Vac,Gamaleya Research Institute,,2021-06-30,,,REPORTING
MEX,Gamaleya - Gam-Covid-Vac,Gam-Covid-Vac,Gamaleya Research Institute,2021-02-09,2021-02-24,,,REPORTING
TJK,Gamaleya - Gam-Covid-Vac,Gam-Covid-Vac,Gamaleya Research Institute,,2021-08-18,,,REPORTING
COG,Gamaleya - Gam-Covid-Vac,Gam-Covid-Vac,Gamaleya Research Institute,2021-03-03,2021-03-23,,,REPORTING
EGY,Gamaleya - Gam-Covid-Vac,Gam-Covid-Vac,Gamaleya Research Institute,2020-12-30,2021-01-24,,,REPORTING
GAB,Gamaleya - Gam-Covid-Vac,Gam-Covid-Vac,Gamaleya Research Institute,,,,,REPORTING
ZWE,Gamaleya - Gam-Covid-Vac,Gam-Covid-Vac,Gamaleya Research Institute,,,,,REPORTING
PSE,Gamaleya - Gam-Covid-Vac,Gam-Covid-Vac,Gamaleya Research Institute,2021-01-25,2021-02-02,,,REPORTING
DJI,Gamaleya - Gam-Covid-Vac,Gam-Covid-Vac,Gamaleya Research Institute,2021-02-22,2021-03-15,,,REPORTING
MYS,Gamaleya - Gam-Covid-Vac,Gam-Covid-Vac,Gamaleya Research Institute,,,,,REPORTING
SMR,Gamaleya - Gam-Covid-Vac,Gam-Covid-Vac,Gamaleya Research Institute,,2021-02-24,,,REPORTING
AZE,Gamaleya - Gam-Covid-Vac,Gam-Covid-Vac,Gamaleya Research Institute,,2021-05-19,,,REPORTING
KAZ,RIBSP - QazVac,QazVac,Research Institute for Biological Safety Problems,,2021-04-28,,,REPORTING
TKM,RIBSP - QazVac,QazVac,Research Institute for Biological Safety Problems,,2021-02-24,,,REPORTING
KGZ,RIBSP - QazVac,QazVac,Research Institute for Biological Safety Problems,,2021-09-29,,,REPORTING
ETH,Beijing CNBG - BBIBP-CorV,BBIBP-CorV,Beijing Bio-Institute Biological Products (CNBG),2021-03-05,2021-03-13,,,REPORTING
ARM,Beijing CNBG - BBIBP-CorV,BBIBP-CorV,Beijing Bio-Institute Biological Products (CNBG),,2021-05-26,,,REPORTING
TCD,Beijing CNBG - BBIBP-CorV,BBIBP-CorV,Beijing Bio-Institute Biological Products (CNBG),2021-05-07,2021-06-04,,,REPORTING
VNM,Beijing CNBG - BBIBP-CorV,BBIBP-CorV,Beijing Bio-Institute Biological Products (CNBG),2021-06-03,2021-07-10,,,REPORTING
MDG,Beijing CNBG - BBIBP-CorV,BBIBP-CorV,Beijing Bio-Institute Biological Products (CNBG),2021-08-05,,,,REPORTING
BRB,Beijing CNBG - BBIBP-CorV,BBIBP-CorV,Beijing Bio-Institute Biological Products (CNBG),,2021-06-30,,,REPORTING
LAO,Beijing CNBG - BBIBP-CorV,BBIBP-CorV,Beijing Bio-Institute Biological Products (CNBG),2021-06-16,2020-11-25,,,REPORTING
VUT,Beijing CNBG - BBIBP-CorV,BBIBP-CorV,Beijing Bio-Institute Biological Products (CNBG),2021-06-02,2021-06-15,,,REPORTING
ZMB,Beijing CNBG - BBIBP-CorV,BBIBP-CorV,Beijing Bio-Institute Biological Products (CNBG),,,,,REPORTING
SUR,Beijing CNBG - BBIBP-CorV,BBIBP-CorV,Beijing Bio-Institute Biological Products (CNBG),2021-06-28,2021-07-10,,,REPORTING
CIV,Beijing CNBG - BBIBP-CorV,BBIBP-CorV,Beijing Bio-Institute Biological Products (CNBG),2021-06-10,,,,REPORTING
VEN,Beijing CNBG - BBIBP-CorV,BBIBP-CorV,Beijing Bio-Institute Biological Products (CNBG),2021-03-12,2021-03-08,,,REPORTING
LBN,Beijing CNBG - BBIBP-CorV,BBIBP-CorV,Beijing Bio-Institute Biological Products (CNBG),2020-12-16,2021-02-14,,,REPORTING
PHL,Beijing CNBG - BBIBP-CorV,BBIBP-CorV,Beijing Bio-Institute Biological Products (CNBG),2021-06-07,2021-08-30,,,REPORTING
SLV,Beijing CNBG - BBIBP-CorV,BBIBP-CorV,Beijing Bio-Institute Biological Products (CNBG),2021-06-03,2021-06-22,,,REPORTING
GIN,Beijing CNBG - BBIBP-CorV,BBIBP-CorV,Beijing Bio-Institute Biological Products (CNBG),2021-02-12,2021-03-05,,,REPORTING
DOM,Beijing CNBG - BBIBP-CorV,BBIBP-CorV,Beijing Bio-Institute Biological Products (CNBG),,,,,REPORTING
BTN,Beijing CNBG - BBIBP-CorV,BBIBP-CorV,Beijing Bio-Institute Biological Products (CNBG),2021-03-16,2021-07-20,,,REPORTING
GMB,Beijing CNBG - BBIBP-CorV,BBIBP-CorV,Beijing Bio-Institute Biological Products (CNBG),,2021-03-10,,,REPORTING
SYR,Beijing CNBG - BBIBP-CorV,BBIBP-CorV,Beijing Bio-Institute Biological Products (CNBG),2021-02-03,2021-04-01,,,REPORTING
KIR,Beijing CNBG - BBIBP-CorV,BBIBP-CorV,Beijing Bio-Institute Biological Products (CNBG),2021-06-29,2021-09-03,,,REPORTING
PNG,Beijing CNBG - BBIBP-CorV,BBIBP-CorV,Beijing Bio-Institute Biological Products (CNBG),2021-05-25,2021-06-28,,,REPORTING
MDV,Beijing CNBG - BBIBP-CorV,BBIBP-CorV,Beijing Bio-Institute Biological Products (CNBG),2021-03-17,2021-03-22,,,REPORTING
JOR,Beijing CNBG - BBIBP-CorV,BBIBP-CorV,Beijing Bio-Institute Biological Products (CNBG),2020-12-13,2021-01-13,,,REPORTING
IRN,Beijing CNBG - BBIBP-CorV,BBIBP-CorV,Beijing Bio-Institute Biological Products (CNBG),2021-01-27,2021-02-09,,,REPORTING
NER,Beijing CNBG - BBIBP-CorV,BBIBP-CorV,Beijing Bio-Institute Biological Products (CNBG),2021-02-23,2021-03-29,,,REPORTING
CMR,Beijing CNBG - BBIBP-CorV,BBIBP-CorV,Beijing Bio-Institute Biological Products (CNBG),2021-04-01,2021-04-12,,,REPORTING
LKA,Beijing CNBG - BBIBP-CorV,BBIBP-CorV,Beijing Bio-Institute Biological Products (CNBG),2021-05-08,2021-04-05,,,REPORTING
BFA,Beijing CNBG - BBIBP-CorV,BBIBP-CorV,Beijing Bio-Institute Biological Products (CNBG),2021-09-20,,,,REPORTING
PRY,Beijing CNBG - BBIBP-CorV,BBIBP-CorV,Beijing Bio-Institute Biological Products (CNBG),2020-12-30,2021-03-15,,,REPORTING
NIC,Beijing CNBG - BBIBP-CorV,BBIBP-CorV,Beijing Bio-Institute Biological Products (CNBG),,2022-04-01,,,REPORTING
KWT,Beijing CNBG - BBIBP-CorV,BBIBP-CorV,Beijing Bio-Institute Biological Products (CNBG),2020-12-13,2020-12-28,,,REPORTING
BLZ,Beijing CNBG - BBIBP-CorV,BBIBP-CorV,Beijing Bio-Institute Biological Products (CNBG),2021-05-17,2021-05-18,,,REPORTING
MNE,Beijing CNBG - BBIBP-CorV,BBIBP-CorV,Beijing Bio-Institute Biological Products (CNBG),,2021-03-10,,,REPORTING
BGD,Beijing CNBG - BBIBP-CorV,BBIBP-CorV,Beijing Bio-Institute Biological Products (CNBG),2021-04-29,2021-05-25,,,REPORTING
SRB,Beijing CNBG - BBIBP-CorV,BBIBP-CorV,Beijing Bio-Institute Biological Products (CNBG),,2021-01-20,,,REPORTING
MNG,Beijing CNBG - BBIBP-CorV,BBIBP-CorV,Beijing Bio-Institute Biological Products (CNBG),2021-02-09,2021-03-10,,,REPORTING
PAK,Beijing CNBG - BBIBP-CorV,BBIBP-CorV,Beijing Bio-Institute Biological Products (CNBG),2021-01-20,2021-02-03,,,REPORTING
PRT,Beijing CNBG - BBIBP-CorV,BBIBP-CorV,Beijing Bio-Institute Biological Products (CNBG),,2020-12-23,,,REPORTING
SAU,Beijing CNBG - BBIBP-CorV,BBIBP-CorV,Beijing Bio-Institute Biological Products (CNBG),,,,,REPORTING
DZA,Beijing CNBG - BBIBP-CorV,BBIBP-CorV,Beijing Bio-Institute Biological Products (CNBG),2021-02-10,,,,REPORTING
RWA,Beijing CNBG - BBIBP-CorV,BBIBP-CorV,Beijing Bio-Institute Biological Products (CNBG),2021-07-30,,,,REPORTING
SDN,Beijing CNBG - BBIBP-CorV,BBIBP-CorV,Beijing Bio-Institute Biological Products (CNBG),2021-02-20,2021-03-09,,,REPORTING
LBY,Beijing CNBG - BBIBP-CorV,BBIBP-CorV,Beijing Bio-Institute Biological Products (CNBG),2021-02-24,2021-04-11,,,REPORTING
KEN,Beijing CNBG - BBIBP-CorV,BBIBP-CorV,Beijing Bio-Institute Biological Products (CNBG),,,,,REPORTING
ATG,Beijing CNBG - BBIBP-CorV,BBIBP-CorV,Beijing Bio-Institute Biological Products (CNBG),,,,,REPORTING
GNB,Beijing CNBG - BBIBP-CorV,BBIBP-CorV,Beijing Bio-Institute Biological Products (CNBG),,2021-04-02,,,REPORTING
NPL,Beijing CNBG - BBIBP-CorV,BBIBP-CorV,Beijing Bio-Institute Biological Products (CNBG),2021-02-16,2021-04-07,,,REPORTING
SLB,Beijing CNBG - BBIBP-CorV,BBIBP-CorV,Beijing Bio-Institute Biological Products (CNBG),2021-03-12,2021-05-21,,,REPORTING
MKD,Beijing CNBG - BBIBP-CorV,BBIBP-CorV,Beijing Bio-Institute Biological Products (CNBG),,2021-04-21,,,REPORTING
CHN,Beijing CNBG - BBIBP-CorV,BBIBP-CorV,Beijing Bio-Institute Biological Products (CNBG),2020-07-22,2020-07-22,,,REPORTING
BLR,Beijing CNBG - BBIBP-CorV,BBIBP-CorV,Beijing Bio-Institute Biological Products (CNBG),,2021-03-24,,,REPORTING
ARG,Beijing CNBG - BBIBP-CorV,BBIBP-CorV,Beijing Bio-Institute Biological Products (CNBG),2021-02-21,2021-03-02,,,REPORTING
SYC,Beijing CNBG - BBIBP-CorV,BBIBP-CorV,Beijing Bio-Institute Biological Products (CNBG),,2021-01-10,,,REPORTING
QAT,Beijing CNBG - BBIBP-CorV,BBIBP-CorV,Beijing Bio-Institute Biological Products (CNBG),,,,,REPORTING
SOM,Beijing CNBG - BBIBP-CorV,BBIBP-CorV,Beijing Bio-Institute Biological Products (CNBG),2021-02-22,2021-03-16,,,REPORTING
PER,Beijing CNBG - BBIBP-CorV,BBIBP-CorV,Beijing Bio-Institute Biological Products (CNBG),2021-01-26,2021-02-09,,,REPORTING
ARE,Beijing CNBG - BBIBP-CorV,BBIBP-CorV,Beijing Bio-Institute Biological Products (CNBG),,,,,REPORTING
NAM,Beijing CNBG - BBIBP-CorV,BBIBP-CorV,Beijing Bio-Institute Biological Products (CNBG),,2021-03-19,,,REPORTING
BOL,Beijing CNBG - BBIBP-CorV,BBIBP-CorV,Beijing Bio-Institute Biological Products (CNBG),,2021-05-02,,,REPORTING
IRQ,Beijing CNBG - BBIBP-CorV,BBIBP-CorV,Beijing Bio-Institute Biological Products (CNBG),2020-12-29,2021-03-02,,,REPORTING
BHR,Beijing CNBG - BBIBP-CorV,BBIBP-CorV,Beijing Bio-Institute Biological Products (CNBG),2020-11-03,2020-11-04,,,REPORTING
GNQ,Beijing CNBG - BBIBP-CorV,BBIBP-CorV,Beijing Bio-Institute Biological Products (CNBG),2021-02-01,2021-02-12,,,REPORTING
GUY,Beijing CNBG - BBIBP-CorV,BBIBP-CorV,Beijing Bio-Institute Biological Products (CNBG),2021-02-25,2021-03-02,,,REPORTING
SGP,Beijing CNBG - BBIBP-CorV,BBIBP-CorV,Beijing Bio-Institute Biological Products (CNBG),,2021-08-30,,,REPORTING
SEN,Beijing CNBG - BBIBP-CorV,BBIBP-CorV,Beijing Bio-Institute Biological Products (CNBG),2021-02-23,2021-02-23,,,REPORTING
TUN,Beijing CNBG - BBIBP-CorV,BBIBP-CorV,Beijing Bio-Institute Biological Products (CNBG),2021-01-11,2021-03-13,,,REPORTING
BRN,Beijing CNBG - BBIBP-CorV,BBIBP-CorV,Beijing Bio-Institute Biological Products (CNBG),2021-02-03,2021-04-03,,,REPORTING
TTO,Beijing CNBG - BBIBP-CorV,BBIBP-CorV,Beijing Bio-Institute Biological Products (CNBG),,,,,REPORTING
MDA,Beijing CNBG - BBIBP-CorV,BBIBP-CorV,Beijing Bio-Institute Biological Products (CNBG),,2021-03-24,,,REPORTING
AFG,Beijing CNBG - BBIBP-CorV,BBIBP-CorV,Beijing Bio-Institute Biological Products (CNBG),2021-02-23,2021-02-22,,,REPORTING
COM,Beijing CNBG - BBIBP-CorV,BBIBP-CorV,Beijing Bio-Institute Biological Products (CNBG),2021-02-01,2021-04-10,,,REPORTING
SLE,Beijing CNBG - BBIBP-CorV,BBIBP-CorV,Beijing Bio-Institute Biological Products (CNBG),,2021-03-15,,,REPORTING
MUS,Beijing CNBG - BBIBP-CorV,BBIBP-CorV,Beijing Bio-Institute Biological Products (CNBG),2021-03-18,,,,REPORTING
KGZ,Beijing CNBG - BBIBP-CorV,BBIBP-CorV,Beijing Bio-Institute Biological Products (CNBG),,2021-03-31,,,REPORTING
HUN,Beijing CNBG - BBIBP-CorV,BBIBP-CorV,Beijing Bio-Institute Biological Products (CNBG),,2021-02-24,,,REPORTING
MOZ,Beijing CNBG - BBIBP-CorV,BBIBP-CorV,Beijing Bio-Institute Biological Products (CNBG),2021-05-18,,,,REPORTING
BDI,Beijing CNBG - BBIBP-CorV,BBIBP-CorV,Beijing Bio-Institute Biological Products (CNBG),2021-09-29,2021-10-18,,,REPORTING
THA,Beijing CNBG - BBIBP-CorV,BBIBP-CorV,Beijing Bio-Institute Biological Products (CNBG),2021-05-28,2021-06-25,,,REPORTING
COG,Beijing CNBG - BBIBP-CorV,BBIBP-CorV,Beijing Bio-Institute Biological Products (CNBG),2021-03-03,2021-03-23,,,REPORTING
EGY,Beijing CNBG - BBIBP-CorV,BBIBP-CorV,Beijing Bio-Institute Biological Products (CNBG),2020-12-30,2021-01-24,,,REPORTING
GAB,Beijing CNBG - BBIBP-CorV,BBIBP-CorV,Beijing Bio-Institute Biological Products (CNBG),,2021-03-23,,,REPORTING
MAR,Beijing CNBG - BBIBP-CorV,BBIBP-CorV,Beijing Bio-Institute Biological Products (CNBG),2021-01-06,2021-01-28,,,REPORTING
TZA,Beijing CNBG - BBIBP-CorV,BBIBP-CorV,Beijing Bio-Institute Biological Products (CNBG),2021-08-08,,,,REPORTING
MRT,Beijing CNBG - BBIBP-CorV,BBIBP-CorV,Beijing Bio-Institute Biological Products (CNBG),,2021-03-26,,,REPORTING
JAM,Beijing CNBG - BBIBP-CorV,BBIBP-CorV,Beijing Bio-Institute Biological Products (CNBG),2021-11-12,2021-12-13,,,REPORTING
DMA,Beijing CNBG - BBIBP-CorV,BBIBP-CorV,Beijing Bio-Institute Biological Products (CNBG),,2021-03-11,,,REPORTING
IDN,Beijing CNBG - BBIBP-CorV,BBIBP-CorV,Beijing Bio-Institute Biological Products (CNBG),2021-04-29,2021-05-18,,,REPORTING
KHM,Beijing CNBG - BBIBP-CorV,BBIBP-CorV,Beijing Bio-Institute Biological Products (CNBG),2021-02-04,2021-02-10,,,REPORTING
MMR,Beijing CNBG - BBIBP-CorV,BBIBP-CorV,Beijing Bio-Institute Biological Products (CNBG),2021-02-12,2021-06-01,,,REPORTING
OMN,Beijing CNBG - BBIBP-CorV,BBIBP-CorV,Beijing Bio-Institute Biological Products (CNBG),,,,,REPORTING
ZWE,Beijing CNBG - BBIBP-CorV,BBIBP-CorV,Beijing Bio-Institute Biological Products (CNBG),,,,,REPORTING
PSE,Beijing CNBG - BBIBP-CorV,BBIBP-CorV,Beijing Bio-Institute Biological Products (CNBG),2021-01-25,2021-02-02,,,REPORTING
DJI,Beijing CNBG - BBIBP-CorV,BBIBP-CorV,Beijing Bio-Institute Biological Products (CNBG),2021-02-22,2021-03-15,,,REPORTING
MYS,Beijing CNBG - BBIBP-CorV,BBIBP-CorV,Beijing Bio-Institute Biological Products (CNBG),2021-07-16,,,,REPORTING
YEM,Beijing CNBG - BBIBP-CorV,BBIBP-CorV,Beijing Bio-Institute Biological Products (CNBG),,,,,REPORTING
GEO,Beijing CNBG - BBIBP-CorV,BBIBP-CorV,Beijing Bio-Institute Biological Products (CNBG),,2021-05-05,,,REPORTING
CPV,Beijing CNBG - BBIBP-CorV,BBIBP-CorV,Beijing Bio-Institute Biological Products (CNBG),,,,,REPORTING
KAZ,Beijing CNBG - BBIBP-CorV,BBIBP-CorV,Beijing Bio-Institute Biological Products (CNBG),,2021-05-05,,,REPORTING
TKM,Beijing CNBG - BBIBP-CorV,BBIBP-CorV,Beijing Bio-Institute Biological Products (CNBG),,2021-02-24,,,REPORTING
LSO,Beijing CNBG - BBIBP-CorV,BBIBP-CorV,Beijing Bio-Institute Biological Products (CNBG),,,,,REPORTING
IND,Zydus - ZyCov-D,ZyCov-D,Zydus Cadila,2021-08-20,,,,REPORTING
IND,Biological E - Corbevax,Corbevax,Biological E,,2022-03-16,,,REPORTING
VNM,CIGB - CIGB-66,CIGB-66,Center for Genetic Engineering and Biotechnology,2021-09-17,2021-10-17,,,REPORTING
VEN,CIGB - CIGB-66,CIGB-66,Center for Genetic Engineering and Biotechnology,,,,,REPORTING
NIC,CIGB - CIGB-66,CIGB-66,Center for Genetic Engineering and Biotechnology,,2021-10-25,,,REPORTING
CUB,CIGB - CIGB-66,CIGB-66,Center for Genetic Engineering and Biotechnology,,,,,REPORTING
MEX,CIGB - CIGB-66,CIGB-66,Center for Genetic Engineering and Biotechnology,,2022-12-21,,,REPORTING
FRA,AstraZeneca - Vaxzevria,Vaxzevria,AstraZeneca,,2021-02-03,,,REPORTING
FIN,AstraZeneca - Vaxzevria,Vaxzevria,AstraZeneca,,2020-12-30,,,REPORTING
STP,AstraZeneca - Vaxzevria,Vaxzevria,AstraZeneca,,2021-03-15,,,REPORTING
SWE,AstraZeneca - Vaxzevria,Vaxzevria,AstraZeneca,,2021-02-10,,,REPORTING
ESP,AstraZeneca - Vaxzevria,Vaxzevria,AstraZeneca,,2021-02-10,,,REPORTING
ARM,AstraZeneca - Vaxzevria,Vaxzevria,AstraZeneca,,2021-03-17,,,REPORTING
LAO,AstraZeneca - Vaxzevria,Vaxzevria,AstraZeneca,,2021-08-04,,,REPORTING
VUT,AstraZeneca - Vaxzevria,Vaxzevria,AstraZeneca,2021-05-10,2021-06-02,,,REPORTING
SYR,AstraZeneca - Vaxzevria,Vaxzevria,AstraZeneca,2021-02-03,2021-04-01,,,REPORTING
SUR,AstraZeneca - Vaxzevria,Vaxzevria,AstraZeneca,2021-05-10,2021-05-26,,,REPORTING
LBN,AstraZeneca - Vaxzevria,Vaxzevria,AstraZeneca,2020-12-16,2021-02-14,,,REPORTING
FJI,AstraZeneca - Vaxzevria,Vaxzevria,AstraZeneca,2021-02-22,2021-03-07,,,REPORTING
PHL,AstraZeneca - Vaxzevria,Vaxzevria,AstraZeneca,2021-01-28,2021-03-07,,,REPORTING
BRB,AstraZeneca - Vaxzevria,Vaxzevria,AstraZeneca,,2021-04-08,,,REPORTING
SXM,AstraZeneca - Vaxzevria,Vaxzevria,AstraZeneca,,,,,REPORTING
BTN,AstraZeneca - Vaxzevria,Vaxzevria,AstraZeneca,2021-06-17,,,,REPORTING
ISR,AstraZeneca - Vaxzevria,Vaxzevria,AstraZeneca,,2021-10-20,,,REPORTING
COL,AstraZeneca - Vaxzevria,Vaxzevria,AstraZeneca,2021-02-23,2021-03-29,,,REPORTING
LTU,AstraZeneca - Vaxzevria,Vaxzevria,AstraZeneca,,2021-02-10,,,REPORTING
MTQ,AstraZeneca - Vaxzevria,Vaxzevria,AstraZeneca,,,,,REPORTING
MDV,AstraZeneca - Vaxzevria,Vaxzevria,AstraZeneca,2021-06-20,2021-07-27,,,REPORTING
JOR,AstraZeneca - Vaxzevria,Vaxzevria,AstraZeneca,2020-12-13,2021-01-13,,,REPORTING
IRN,AstraZeneca - Vaxzevria,Vaxzevria,AstraZeneca,2021-01-27,2021-02-09,,,REPORTING
XKX,AstraZeneca - Vaxzevria,Vaxzevria,AstraZeneca,,2021-03-31,,,REPORTING
SLV,AstraZeneca - Vaxzevria,Vaxzevria,AstraZeneca,2020-12-30,2021-02-17,,,REPORTING
DOM,AstraZeneca - Vaxzevria,Vaxzevria,AstraZeneca,,,,,REPORTING
LKA,AstraZeneca - Vaxzevria,Vaxzevria,AstraZeneca,2021-07-09,,,,REPORTING
PRY,AstraZeneca - Vaxzevria,Vaxzevria,AstraZeneca,2020-12-30,2021-03-23,,,REPORTING
NLD,AstraZeneca - Vaxzevria,Vaxzevria,AstraZeneca,,2021-02-03,,,REPORTING
NIC,AstraZeneca - Vaxzevria,Vaxzevria,AstraZeneca,2021-02-15,2021-10-16,,,REPORTING
KIR,AstraZeneca - Vaxzevria,Vaxzevria,AstraZeneca,2021-03-12,2021-05-26,,,REPORTING
PNG,AstraZeneca - Vaxzevria,Vaxzevria,AstraZeneca,2021-03-18,2021-03-30,,,REPORTING
BLZ,AstraZeneca - Vaxzevria,Vaxzevria,AstraZeneca,2021-02-15,2021-04-07,,,REPORTING
MNE,AstraZeneca - Vaxzevria,Vaxzevria,AstraZeneca,,2021-03-31,,,REPORTING
BGD,AstraZeneca - Vaxzevria,Vaxzevria,AstraZeneca,2021-06-23,,,,REPORTING
WSM,AstraZeneca - Vaxzevria,Vaxzevria,AstraZeneca,2021-02-23,2021-04-18,,,REPORTING
SRB,AstraZeneca - Vaxzevria,Vaxzevria,AstraZeneca,,2021-02-24,,,REPORTING
MNG,AstraZeneca - Vaxzevria,Vaxzevria,AstraZeneca,2021-01-10,2021-03-19,,,REPORTING
ISL,AstraZeneca - Vaxzevria,Vaxzevria,AstraZeneca,,2021-02-10,,,REPORTING
TON,AstraZeneca - Vaxzevria,Vaxzevria,AstraZeneca,2021-02-22,2021-04-14,,,REPORTING
SDN,AstraZeneca - Vaxzevria,Vaxzevria,AstraZeneca,2021-02-20,2021-03-09,,,REPORTING
NZL,AstraZeneca - Vaxzevria,Vaxzevria,AstraZeneca,2021-07-22,2021-11-26,,,REPORTING
KWT,AstraZeneca - Vaxzevria,Vaxzevria,AstraZeneca,2020-12-13,2020-12-28,,,REPORTING
URY,AstraZeneca - Vaxzevria,Vaxzevria,AstraZeneca,2021-02-11,2021-04-17,,,REPORTING
SVN,AstraZeneca - Vaxzevria,Vaxzevria,AstraZeneca,,2021-03-03,,,REPORTING
SAU,AstraZeneca - Vaxzevria,Vaxzevria,AstraZeneca,2020-12-10,2021-01-06,,,REPORTING
VGB,AstraZeneca - Vaxzevria,Vaxzevria,AstraZeneca,,2021-02-11,,,REPORTING
CZE,AstraZeneca - Vaxzevria,Vaxzevria,AstraZeneca,,2021-02-03,,,REPORTING
BHS,AstraZeneca - Vaxzevria,Vaxzevria,AstraZeneca,,2021-03-14,,,REPORTING
CYP,AstraZeneca - Vaxzevria,Vaxzevria,AstraZeneca,,2021-02-10,,,REPORTING
NPL,AstraZeneca - Vaxzevria,Vaxzevria,AstraZeneca,2021-06-30,,,,REPORTING
SLB,AstraZeneca - Vaxzevria,Vaxzevria,AstraZeneca,2021-05-26,2021-08-27,,,REPORTING
PAK,AstraZeneca - Vaxzevria,Vaxzevria,AstraZeneca,2021-01-20,2021-02-03,,,REPORTING
LCA,AstraZeneca - Vaxzevria,Vaxzevria,AstraZeneca,,,,,REPORTING
JPN,AstraZeneca - Vaxzevria,Vaxzevria,AstraZeneca,2021-05-21,2021-08-21,,,REPORTING
PRT,AstraZeneca - Vaxzevria,Vaxzevria,AstraZeneca,,2020-12-30,,,REPORTING
ALB,AstraZeneca - Vaxzevria,Vaxzevria,AstraZeneca,,2021-03-10,,,REPORTING
LBY,AstraZeneca - Vaxzevria,Vaxzevria,AstraZeneca,2021-02-24,2021-04-11,,,REPORTING
VCT,AstraZeneca - Vaxzevria,Vaxzevria,AstraZeneca,,,,,REPORTING
EST,AstraZeneca - Vaxzevria,Vaxzevria,AstraZeneca,,2021-02-17,,,REPORTING
HND,AstraZeneca - Vaxzevria,Vaxzevria,AstraZeneca,2021-02-15,2021-03-15,,,REPORTING
ATG,AstraZeneca - Vaxzevria,Vaxzevria,AstraZeneca,2021-02-01,2021-03-01,,,REPORTING
BEL,AstraZeneca - Vaxzevria,Vaxzevria,AstraZeneca,,2021-02-10,,,REPORTING
ARG,AstraZeneca - Vaxzevria,Vaxzevria,AstraZeneca,2021-12-20,2021-03-30,,,REPORTING
GTM,AstraZeneca - Vaxzevria,Vaxzevria,AstraZeneca,2021-03-11,2021-03-15,,,REPORTING
MLT,AstraZeneca - Vaxzevria,Vaxzevria,AstraZeneca,,2020-12-30,,,REPORTING
QAT,AstraZeneca - Vaxzevria,Vaxzevria,AstraZeneca,,,,,REPORTING
BMU,AstraZeneca - Vaxzevria,Vaxzevria,AstraZeneca,,2021-05-07,,,REPORTING
BOL,AstraZeneca - Vaxzevria,Vaxzevria,AstraZeneca,,2021-03-22,,,REPORTING
AUT,AstraZeneca - Vaxzevria,Vaxzevria,AstraZeneca,,2021-02-10,,,REPORTING
CAN,AstraZeneca - Vaxzevria,Vaxzevria,AstraZeneca,,,,,REPORTING
MKD,AstraZeneca - Vaxzevria,Vaxzevria,AstraZeneca,,2021-03-31,,,REPORTING
BRA,AstraZeneca - Vaxzevria,Vaxzevria,AstraZeneca,2021-01-17,2021-01-18,,,REPORTING
MCO,AstraZeneca - Vaxzevria,Vaxzevria,AstraZeneca,,2022-04-27,,,REPORTING
SOM,AstraZeneca - Vaxzevria,Vaxzevria,AstraZeneca,2021-02-22,2021-03-16,,,REPORTING
PER,AstraZeneca - Vaxzevria,Vaxzevria,AstraZeneca,2021-04-12,2021-04-21,,,REPORTING
BGR,AstraZeneca - Vaxzevria,Vaxzevria,AstraZeneca,,2021-02-03,,,REPORTING
ARE,AstraZeneca - Vaxzevria,Vaxzevria,AstraZeneca,,,,,REPORTING
LVA,AstraZeneca - Vaxzevria,Vaxzevria,AstraZeneca,,2021-01-27,,,REPORTING
GRC,AstraZeneca - Vaxzevria,Vaxzevria,AstraZeneca,,2020-12-23,,,REPORTING
GUY,AstraZeneca - Vaxzevria,Vaxzevria,AstraZeneca,,,,,REPORTING
ITA,AstraZeneca - Vaxzevria,Vaxzevria,AstraZeneca,,2021-01-13,,,REPORTING
SGP,AstraZeneca - Vaxzevria,Vaxzevria,AstraZeneca,,,,,REPORTING
HRV,AstraZeneca - Vaxzevria,Vaxzevria,AstraZeneca,,2021-01-13,,,REPORTING
GLP,AstraZeneca - Vaxzevria,Vaxzevria,AstraZeneca,,,,,REPORTING
NRU,AstraZeneca - Vaxzevria,Vaxzevria,AstraZeneca,2021-03-02,2021-04-09,,,REPORTING
MDA,AstraZeneca - Vaxzevria,Vaxzevria,AstraZeneca,,2021-03-03,,,REPORTING
AFG,AstraZeneca - Vaxzevria,Vaxzevria,AstraZeneca,2021-02-23,2021-02-22,,,REPORTING
CHL,AstraZeneca - Vaxzevria,Vaxzevria,AstraZeneca,2021-01-27,2021-04-27,,,REPORTING
AUS,AstraZeneca - Vaxzevria,Vaxzevria,AstraZeneca,2021-02-15,2021-02-21,,,REPORTING
IRQ,AstraZeneca - Vaxzevria,Vaxzevria,AstraZeneca,2020-12-29,2021-03-02,,,REPORTING
BHR,AstraZeneca - Vaxzevria,Vaxzevria,AstraZeneca,2020-11-03,2020-11-04,,,REPORTING
TUV,AstraZeneca - Vaxzevria,Vaxzevria,AstraZeneca,2021-02-23,2021-04-13,,,REPORTING
GBR,AstraZeneca - Vaxzevria,Vaxzevria,AstraZeneca,,2021-02-08,,,REPORTING
TUN,AstraZeneca - Vaxzevria,Vaxzevria,AstraZeneca,2021-01-11,2021-03-13,,,REPORTING
AIA,AstraZeneca - Vaxzevria,Vaxzevria,AstraZeneca,2020-12-01,2021-02-05,,,REPORTING
BRN,AstraZeneca - Vaxzevria,Vaxzevria,AstraZeneca,2021-02-22,2021-04-03,,,REPORTING
TTO,AstraZeneca - Vaxzevria,Vaxzevria,AstraZeneca,,2021-04-07,,,REPORTING
MAR,AstraZeneca - Vaxzevria,Vaxzevria,AstraZeneca,2021-01-06,2021-01-28,,,REPORTING
ECU,AstraZeneca - Vaxzevria,Vaxzevria,AstraZeneca,2021-01-22,2021-03-19,,,REPORTING
KGZ,AstraZeneca - Vaxzevria,Vaxzevria,AstraZeneca,,2021-07-14,,,REPORTING
HUN,AstraZeneca - Vaxzevria,Vaxzevria,AstraZeneca,,2021-02-10,,,REPORTING
DNK,AstraZeneca - Vaxzevria,Vaxzevria,AstraZeneca,,2021-01-06,,,REPORTING
AND,AstraZeneca - Vaxzevria,Vaxzevria,AstraZeneca,,2021-03-03,,,REPORTING
DMA,AstraZeneca - Vaxzevria,Vaxzevria,AstraZeneca,2021-02-25,2021-04-07,,,REPORTING
IDN,AstraZeneca - Vaxzevria,Vaxzevria,AstraZeneca,2021-02-21,2021-03-23,,,REPORTING
TJK,AstraZeneca - Vaxzevria,Vaxzevria,AstraZeneca,,2021-04-14,,,REPORTING
KHM,AstraZeneca - Vaxzevria,Vaxzevria,AstraZeneca,2021-07-15,2021-07-25,,,REPORTING
THA,AstraZeneca - Vaxzevria,Vaxzevria,AstraZeneca,2021-01-20,2021-03-16,,,REPORTING
EGY,AstraZeneca - Vaxzevria,Vaxzevria,AstraZeneca,2020-12-30,2021-01-24,,,REPORTING
UKR,AstraZeneca - Vaxzevria,Vaxzevria,AstraZeneca,,2021-04-28,,,REPORTING
MEX,AstraZeneca - Vaxzevria,Vaxzevria,AstraZeneca,2021-01-04,2021-02-15,,,REPORTING
JAM,AstraZeneca - Vaxzevria,Vaxzevria,AstraZeneca,2021-02-15,2021-03-10,,,REPORTING
ROU,AstraZeneca - Vaxzevria,Vaxzevria,AstraZeneca,,2021-02-17,,,REPORTING
FSM,AstraZeneca - Vaxzevria,Vaxzevria,AstraZeneca,,,,,REPORTING
GRD,AstraZeneca - Vaxzevria,Vaxzevria,AstraZeneca,2021-02-12,2021-02-15,,,REPORTING
KNA,AstraZeneca - Vaxzevria,Vaxzevria,AstraZeneca,,,,,REPORTING
AZE,AstraZeneca - Vaxzevria,Vaxzevria,AstraZeneca,,2021-05-05,,,REPORTING
SVK,AstraZeneca - Vaxzevria,Vaxzevria,AstraZeneca,,2021-03-03,,,REPORTING
KOR,AstraZeneca - Vaxzevria,Vaxzevria,AstraZeneca,2021-02-09,2021-02-26,,,REPORTING
POL,AstraZeneca - Vaxzevria,Vaxzevria,AstraZeneca,,2021-01-06,,,REPORTING
BEN,AstraZeneca - Vaxzevria,Vaxzevria,AstraZeneca,,,,,REPORTING
TLS,AstraZeneca - Vaxzevria,Vaxzevria,AstraZeneca,2021-02-23,2021-04-07,,,REPORTING
PSE,AstraZeneca - Vaxzevria,Vaxzevria,AstraZeneca,2021-01-25,2021-02-02,,,REPORTING
DJI,AstraZeneca - Vaxzevria,Vaxzevria,AstraZeneca,2021-02-22,2021-03-15,,,REPORTING
MYS,AstraZeneca - Vaxzevria,Vaxzevria,AstraZeneca,2021-02-15,2021-05-05,,,REPORTING
LUX,AstraZeneca - Vaxzevria,Vaxzevria,AstraZeneca,,2021-02-10,,,REPORTING
NOR,AstraZeneca - Vaxzevria,Vaxzevria,AstraZeneca,,2021-01-06,,,REPORTING
TKM,AstraZeneca - Vaxzevria,Vaxzevria,AstraZeneca,,2021-02-24,,,REPORTING
CUW,AstraZeneca - Vaxzevria,Vaxzevria,AstraZeneca,,,,,REPORTING
PCN,AstraZeneca - Vaxzevria,Vaxzevria,AstraZeneca,2021-05-17,2021-05-17,,,REPORTING
MSR,AstraZeneca - Vaxzevria,Vaxzevria,AstraZeneca,,2021-02-08,,,REPORTING
IRL,AstraZeneca - Vaxzevria,Vaxzevria,AstraZeneca,,2021-04-14,,,REPORTING
OMN,AstraZeneca - Vaxzevria,Vaxzevria,AstraZeneca,2021-02-14,2020-12-29,,,REPORTING
DEU,AstraZeneca - Vaxzevria,Vaxzevria,AstraZeneca,,2021-02-10,,,REPORTING
VNM,AstraZeneca - Vaxzevria,Vaxzevria,AstraZeneca,2021-02-01,2021-03-08,,,REPORTING
YEM,AstraZeneca - Vaxzevria,Vaxzevria,AstraZeneca,2021-02-27,2021-04-20,,,REPORTING
GEO,AstraZeneca - Vaxzevria,Vaxzevria,AstraZeneca,,2021-03-17,,,REPORTING
CRI,AstraZeneca - Vaxzevria,Vaxzevria,AstraZeneca,2021-02-26,2021-04-19,,,REPORTING
PAN,AstraZeneca - Vaxzevria,Vaxzevria,AstraZeneca,2021-03-02,2021-04-22,,,REPORTING
YEM,CanSino - Convidecia,Convidecia,CanSino Biologicals,,,,,REPORTING
OMN,CanSino - Convidecia,Convidecia,CanSino Biologicals,,,,,REPORTING
PSE,CanSino - Convidecia,Convidecia,CanSino Biologicals,,,,,REPORTING
DJI,CanSino - Convidecia,Convidecia,CanSino Biologicals,,,,,REPORTING
MYS,CanSino - Convidecia,Convidecia,CanSino Biologicals,2021-06-15,,,,REPORTING
MEX,CanSino - Convidecia,Convidecia,CanSino Biologicals,2021-02-08,2021-01-01,,,REPORTING
JOR,CanSino - Convidecia,Convidecia,CanSino Biologicals,,,,,REPORTING
IRN,CanSino - Convidecia,Convidecia,CanSino Biologicals,,,,,REPORTING
SYR,CanSino - Convidecia,Convidecia,CanSino Biologicals,,,,,REPORTING
LBN,CanSino - Convidecia,Convidecia,CanSino Biologicals,,,,,REPORTING
QAT,CanSino - Convidecia,Convidecia,CanSino Biologicals,,,,,REPORTING
LBY,CanSino - Convidecia,Convidecia,CanSino Biologicals,,,,,REPORTING
PAK,CanSino - Convidecia,Convidecia,CanSino Biologicals,2021-01-20,2021-02-03,,,REPORTING
SAU,CanSino - Convidecia,Convidecia,CanSino Biologicals,,,,,REPORTING
SDN,CanSino - Convidecia,Convidecia,CanSino Biologicals,,,,,REPORTING
KWT,CanSino - Convidecia,Convidecia,CanSino Biologicals,,,,,REPORTING
IRQ,CanSino - Convidecia,Convidecia,CanSino Biologicals,,,,,REPORTING
BHR,CanSino - Convidecia,Convidecia,CanSino Biologicals,,,,,REPORTING
SOM,CanSino - Convidecia,Convidecia,CanSino Biologicals,,,,,REPORTING
ARE,CanSino - Convidecia,Convidecia,CanSino Biologicals,,,,,REPORTING
CHN,CanSino - Convidecia,Convidecia,CanSino Biologicals,2020-07-22,2020-07-22,,,REPORTING
ARG,CanSino - Convidecia,Convidecia,CanSino Biologicals,,2021-09-08,,,REPORTING
EGY,CanSino - Convidecia,Convidecia,CanSino Biologicals,,,,,REPORTING
MAR,CanSino - Convidecia,Convidecia,CanSino Biologicals,,,,,REPORTING
ECU,CanSino - Convidecia,Convidecia,CanSino Biologicals,2021-06-14,2021-08-02,,,REPORTING
TUN,CanSino - Convidecia,Convidecia,CanSino Biologicals,,,,,REPORTING
AFG,CanSino - Convidecia,Convidecia,CanSino Biologicals,,,,,REPORTING
CHL,CanSino - Convidecia,Convidecia,CanSino Biologicals,2021-04-07,2021-06-03,,,REPORTING
BLR,Chumakov - Covi-Vac,Covi-Vac,Chumakov,,2022-01-12,,,REPORTING
ARM,Wuhan CNBG - Inactivated,Inactivated SARS-CoV-2 vaccine,Wuhan Institute of Biological Products (CNBG),,2022-03-09,,,REPORTING
MKD,Wuhan CNBG - Inactivated,Inactivated SARS-CoV-2 vaccine,Wuhan Institute of Biological Products (CNBG),,2021-04-21,,,REPORTING
CHN,Wuhan CNBG - Inactivated,Inactivated SARS-CoV-2 vaccine,Wuhan Institute of Biological Products (CNBG),2020-07-22,2020-07-22,,,REPORTING
FRA,Pfizer BioNTech - Comirnaty,Comirnaty,Pfizer BioNTech,,2020-12-23,,,REPORTING
FIN,Pfizer BioNTech - Comirnaty,Comirnaty,Pfizer BioNTech,,2020-12-23,,,REPORTING
SWE,Pfizer BioNTech - Comirnaty,Comirnaty,Pfizer BioNTech,,2020-12-23,,,REPORTING
ESP,Pfizer BioNTech - Comirnaty,Comirnaty,Pfizer BioNTech,,2020-12-30,,,REPORTING
GUF,Pfizer BioNTech - Comirnaty,Comirnaty,Pfizer BioNTech,,2021-01-13,,,REPORTING
PRI,Pfizer BioNTech - Comirnaty,Comirnaty,Pfizer BioNTech,2020-12-11,,,,REPORTING
LBN,Pfizer BioNTech - Comirnaty,Comirnaty,Pfizer BioNTech,2020-12-16,2021-02-14,,,REPORTING
PHL,Pfizer BioNTech - Comirnaty,Comirnaty,Pfizer BioNTech,2021-01-14,2021-05-12,,,REPORTING
BRB,Pfizer BioNTech - Comirnaty,Comirnaty,Pfizer BioNTech,,2021-08-19,,,REPORTING
ABW,Pfizer BioNTech - Comirnaty,Comirnaty,Pfizer BioNTech,,2021-02-17,,,REPORTING
LAO,Pfizer BioNTech - Comirnaty,Comirnaty,Pfizer BioNTech,2021-05-07,2021-06-15,,,REPORTING
LTU,Pfizer BioNTech - Comirnaty,Comirnaty,Pfizer BioNTech,,2020-12-23,,,REPORTING
MTQ,Pfizer BioNTech - Comirnaty,Comirnaty,Pfizer BioNTech,,,,,REPORTING
SYR,Pfizer BioNTech - Comirnaty,Comirnaty,Pfizer BioNTech,2021-02-03,2021-04-01,,,REPORTING
SUR,Pfizer BioNTech - Comirnaty,Comirnaty,Pfizer BioNTech,2021-08-20,2021-08-28,,,REPORTING
CIV,Pfizer BioNTech - Comirnaty,Comirnaty,Pfizer BioNTech,2021-01-15,,,,REPORTING
LIE,Pfizer BioNTech - Comirnaty,Comirnaty,Pfizer BioNTech,,2021-01-06,,,REPORTING
GIN,Pfizer BioNTech - Comirnaty,Comirnaty,Pfizer BioNTech,2021-01-27,2021-03-05,,,REPORTING
DOM,Pfizer BioNTech - Comirnaty,Comirnaty,Pfizer BioNTech,,,,,REPORTING
SXM,Pfizer BioNTech - Comirnaty,Comirnaty,Pfizer BioNTech,,2021-02-22,,,REPORTING
BTN,Pfizer BioNTech - Comirnaty,Comirnaty,Pfizer BioNTech,2021-03-08,2021-07-20,,,REPORTING
ISR,Pfizer BioNTech - Comirnaty,Comirnaty,Pfizer BioNTech,,2020-12-16,,,REPORTING
COL,Pfizer BioNTech - Comirnaty,Comirnaty,Pfizer BioNTech,2021-01-05,2021-02-17,,,REPORTING
MDV,Pfizer BioNTech - Comirnaty,Comirnaty,Pfizer BioNTech,2021-03-14,2021-04-13,,,REPORTING
JOR,Pfizer BioNTech - Comirnaty,Comirnaty,Pfizer BioNTech,2020-12-13,2021-01-13,,,REPORTING
IRN,Pfizer BioNTech - Comirnaty,Comirnaty,Pfizer BioNTech,,,,,REPORTING
XKX,Pfizer BioNTech - Comirnaty,Comirnaty,Pfizer BioNTech,,2021-05-05,,,REPORTING
SLV,Pfizer BioNTech - Comirnaty,Comirnaty,Pfizer BioNTech,2021-01-17,2021-03-23,,,REPORTING
BES,Pfizer BioNTech - Comirnaty,Comirnaty,Pfizer BioNTech,,2021-02-22,,,REPORTING
MNG,Pfizer BioNTech - Comirnaty,Comirnaty,Pfizer BioNTech,2021-01-10,2021-03-26,,,REPORTING
CMR,Pfizer BioNTech - Comirnaty,Comirnaty,Pfizer BioNTech,2021-08-19,,,,REPORTING
LKA,Pfizer BioNTech - Comirnaty,Comirnaty,Pfizer BioNTech,2021-05-08,2021-07-07,,,REPORTING
PRY,Pfizer BioNTech - Comirnaty,Comirnaty,Pfizer BioNTech,,2021-07-12,,,REPORTING
NLD,Pfizer BioNTech - Comirnaty,Comirnaty,Pfizer BioNTech,,2020-12-30,,,REPORTING
NIC,Pfizer BioNTech - Comirnaty,Comirnaty,Pfizer BioNTech,2020-12-31,2021-10-13,,,REPORTING
MNE,Pfizer BioNTech - Comirnaty,Comirnaty,Pfizer BioNTech,,2021-05-05,,,REPORTING
BGD,Pfizer BioNTech - Comirnaty,Comirnaty,Pfizer BioNTech,2021-03-08,2021-06-21,,,REPORTING
WSM,Pfizer BioNTech - Comirnaty,Comirnaty,Pfizer BioNTech,,2021-10-25,,,REPORTING
SRB,Pfizer BioNTech - Comirnaty,Comirnaty,Pfizer BioNTech,,2020-12-23,,,REPORTING
UZB,Pfizer BioNTech - Comirnaty,Comirnaty,Pfizer BioNTech,,2021-09-15,,,REPORTING
ASM,Pfizer BioNTech - Comirnaty,Comirnaty,Pfizer BioNTech,2020-12-11,2020-12-21,,,REPORTING
TON,Pfizer BioNTech - Comirnaty,Comirnaty,Pfizer BioNTech,2021-10-13,2021-10-21,,,REPORTING
SDN,Pfizer BioNTech - Comirnaty,Comirnaty,Pfizer BioNTech,,,,,REPORTING
NZL,Pfizer BioNTech - Comirnaty,Comirnaty,Pfizer BioNTech,2021-02-03,2021-02-19,,,REPORTING
KWT,Pfizer BioNTech - Comirnaty,Comirnaty,Pfizer BioNTech,2020-12-13,2020-12-28,,,REPORTING
URY,Pfizer BioNTech - Comirnaty,Comirnaty,Pfizer BioNTech,2021-01-21,2021-03-12,,,REPORTING
BLZ,Pfizer BioNTech - Comirnaty,Comirnaty,Pfizer BioNTech,2021-12-31,2021-08-21,,,REPORTING
CZE,Pfizer BioNTech - Comirnaty,Comirnaty,Pfizer BioNTech,,2020-12-23,,,REPORTING
RWA,Pfizer BioNTech - Comirnaty,Comirnaty,Pfizer BioNTech,2021-02-19,2021-03-05,,,REPORTING
BHS,Pfizer BioNTech - Comirnaty,Comirnaty,Pfizer BioNTech,,2021-08-12,,,REPORTING
CYP,Pfizer BioNTech - Comirnaty,Comirnaty,Pfizer BioNTech,,2020-12-23,,,REPORTING
ISL,Pfizer BioNTech - Comirnaty,Comirnaty,Pfizer BioNTech,,2020-12-30,,,REPORTING
CHE,Pfizer BioNTech - Comirnaty,Comirnaty,Pfizer BioNTech,,2020-12-23,,,REPORTING
LCA,Pfizer BioNTech - Comirnaty,Comirnaty,Pfizer BioNTech,,,,,REPORTING
JPN,Pfizer BioNTech - Comirnaty,Comirnaty,Pfizer BioNTech,2021-02-14,2021-02-17,,,REPORTING
PRT,Pfizer BioNTech - Comirnaty,Comirnaty,Pfizer BioNTech,,2020-12-23,,,REPORTING
SVN,Pfizer BioNTech - Comirnaty,Comirnaty,Pfizer BioNTech,,2021-03-03,,,REPORTING
SAU,Pfizer BioNTech - Comirnaty,Comirnaty,Pfizer BioNTech,2020-12-10,2021-01-06,,,REPORTING
VGB,Pfizer BioNTech - Comirnaty,Comirnaty,Pfizer BioNTech,,,,,REPORTING
KEN,Pfizer BioNTech - Comirnaty,Comirnaty,Pfizer BioNTech,,,,,REPORTING
HND,Pfizer BioNTech - Comirnaty,Comirnaty,Pfizer BioNTech,,2021-06-21,,,REPORTING
ATG,Pfizer BioNTech - Comirnaty,Comirnaty,Pfizer BioNTech,2021-08-12,2021-08-24,,,REPORTING
NPL,Pfizer BioNTech - Comirnaty,Comirnaty,Pfizer BioNTech,2021-06-30,2021-11-14,,,REPORTING
SLB,Pfizer BioNTech - Comirnaty,Comirnaty,Pfizer BioNTech,2021-10-15,2021-12-16,,,REPORTING
PAK,Pfizer BioNTech - Comirnaty,Comirnaty,Pfizer BioNTech,2021-01-20,2021-02-03,,,REPORTING
BMU,Pfizer BioNTech - Comirnaty,Comirnaty,Pfizer BioNTech,2020-12-02,2021-01-11,,,REPORTING
ALB,Pfizer BioNTech - Comirnaty,Comirnaty,Pfizer BioNTech,,2021-01-13,,,REPORTING
LBY,Pfizer BioNTech - Comirnaty,Comirnaty,Pfizer BioNTech,2021-02-24,2021-04-11,,,REPORTING
VCT,Pfizer BioNTech - Comirnaty,Comirnaty,Pfizer BioNTech,,,,,REPORTING
EST,Pfizer BioNTech - Comirnaty,Comirnaty,Pfizer BioNTech,,2020-12-23,,,REPORTING
MNP,Pfizer BioNTech - Comirnaty,Comirnaty,Pfizer BioNTech,2020-12-11,2020-12-19,,,REPORTING
ARG,Pfizer BioNTech - Comirnaty,Comirnaty,Pfizer BioNTech,,2021-09-16,,,REPORTING
GTM,Pfizer BioNTech - Comirnaty,Comirnaty,Pfizer BioNTech,,2021-08-22,,,REPORTING
TCA,Pfizer BioNTech - Comirnaty,Comirnaty,Pfizer BioNTech,,2021-01-11,,,REPORTING
COK,Pfizer BioNTech - Comirnaty,Comirnaty,Pfizer BioNTech,2021-02-03,2021-05-17,,,REPORTING
MLT,Pfizer BioNTech - Comirnaty,Comirnaty,Pfizer BioNTech,,2020-12-23,,,REPORTING
QAT,Pfizer BioNTech - Comirnaty,Comirnaty,Pfizer BioNTech,,,,,REPORTING
MKD,Pfizer BioNTech - Comirnaty,Comirnaty,Pfizer BioNTech,,2021-02-17,,,REPORTING
BRA,Pfizer BioNTech - Comirnaty,Comirnaty,Pfizer BioNTech,2021-02-23,2021-05-03,,,REPORTING
PYF,Pfizer BioNTech - Comirnaty,Comirnaty,Pfizer BioNTech,2020-12-29,2021-01-18,,,REPORTING
MCO,Pfizer BioNTech - Comirnaty,Comirnaty,Pfizer BioNTech,,2021-06-30,,,REPORTING
CHN,Pfizer BioNTech - Comirnaty,Comirnaty,Pfizer BioNTech,2021-01-25,2021-03-06,,,REPORTING
BEL,Pfizer BioNTech - Comirnaty,Comirnaty,Pfizer BioNTech,,2020-12-30,,,REPORTING
LVA,Pfizer BioNTech - Comirnaty,Comirnaty,Pfizer BioNTech,,2020-12-30,,,REPORTING
GRC,Pfizer BioNTech - Comirnaty,Comirnaty,Pfizer BioNTech,,2020-12-23,,,REPORTING
BOL,Pfizer BioNTech - Comirnaty,Comirnaty,Pfizer BioNTech,2021-04-29,2021-04-30,,,REPORTING
GUM,Pfizer BioNTech - Comirnaty,Comirnaty,Pfizer BioNTech,2020-12-11,2021-01-04,,,REPORTING
AUT,Pfizer BioNTech - Comirnaty,Comirnaty,Pfizer BioNTech,,2020-12-30,,,REPORTING
CAN,Pfizer BioNTech - Comirnaty,Comirnaty,Pfizer BioNTech,2020-12-09,2020-12-14,,,REPORTING
PER,Pfizer BioNTech - Comirnaty,Comirnaty,Pfizer BioNTech,2021-02-01,2021-03-08,,,REPORTING
TKL,Pfizer BioNTech - Comirnaty,Comirnaty,Pfizer BioNTech,2021-02-03,2021-07-20,,,REPORTING
BGR,Pfizer BioNTech - Comirnaty,Comirnaty,Pfizer BioNTech,,2020-12-30,,,REPORTING
ARE,Pfizer BioNTech - Comirnaty,Comirnaty,Pfizer BioNTech,,,,,REPORTING
NIU,Pfizer BioNTech - Comirnaty,Comirnaty,Pfizer BioNTech,,2021-06-08,,,REPORTING
NAM,Pfizer BioNTech - Comirnaty,Comirnaty,Pfizer BioNTech,2021-07-09,,,,REPORTING
SGP,Pfizer BioNTech - Comirnaty,Comirnaty,Pfizer BioNTech,2020-12-14,2020-12-30,,,REPORTING
HRV,Pfizer BioNTech - Comirnaty,Comirnaty,Pfizer BioNTech,,2020-12-23,,,REPORTING
PLW,Pfizer BioNTech - Comirnaty,Comirnaty,Pfizer BioNTech,2020-12-11,2021-07-26,,,REPORTING
GLP,Pfizer BioNTech - Comirnaty,Comirnaty,Pfizer BioNTech,,2021-01-08,,,REPORTING
CYM,Pfizer BioNTech - Comirnaty,Comirnaty,Pfizer BioNTech,2020-12-02,2021-01-15,,,REPORTING
SOM,Pfizer BioNTech - Comirnaty,Comirnaty,Pfizer BioNTech,2021-02-22,2021-03-16,,,REPORTING
AUS,Pfizer BioNTech - Comirnaty,Comirnaty,Pfizer BioNTech,2021-01-25,2021-02-21,,,REPORTING
IRQ,Pfizer BioNTech - Comirnaty,Comirnaty,Pfizer BioNTech,2020-12-29,2021-03-02,,,REPORTING
BHR,Pfizer BioNTech - Comirnaty,Comirnaty,Pfizer BioNTech,2020-11-03,2020-11-04,,,REPORTING
GUY,Pfizer BioNTech - Comirnaty,Comirnaty,Pfizer BioNTech,,2021-08-24,,,REPORTING
BWA,Pfizer BioNTech - Comirnaty,Comirnaty,Pfizer BioNTech,2021-02-25,2021-03-26,,,REPORTING
ITA,Pfizer BioNTech - Comirnaty,Comirnaty,Pfizer BioNTech,,2020-12-23,,,REPORTING
BRN,Pfizer BioNTech - Comirnaty,Comirnaty,Pfizer BioNTech,,,,,REPORTING
TTO,Pfizer BioNTech - Comirnaty,Comirnaty,Pfizer BioNTech,,2021-10-12,,,REPORTING
MDA,Pfizer BioNTech - Comirnaty,Comirnaty,Pfizer BioNTech,,2021-03-24,,,REPORTING
SWZ,Pfizer BioNTech - Comirnaty,Comirnaty,Pfizer BioNTech,,,,,REPORTING
AFG,Pfizer BioNTech - Comirnaty,Comirnaty,Pfizer BioNTech,,,,,REPORTING
CHL,Pfizer BioNTech - Comirnaty,Comirnaty,Pfizer BioNTech,2020-12-16,2020-12-21,,,REPORTING
DNK,Pfizer BioNTech - Comirnaty,Comirnaty,Pfizer BioNTech,,2020-12-16,,,REPORTING
AND,Pfizer BioNTech - Comirnaty,Comirnaty,Pfizer BioNTech,,2021-01-20,,,REPORTING
GBR,Pfizer BioNTech - Comirnaty,Comirnaty,Pfizer BioNTech,,2020-12-21,,,REPORTING
TUN,Pfizer BioNTech - Comirnaty,Comirnaty,Pfizer BioNTech,2021-01-11,2021-03-13,,,REPORTING
UGA,Pfizer BioNTech - Comirnaty,Comirnaty,Pfizer BioNTech,,,,,REPORTING
AIA,Pfizer BioNTech - Comirnaty,Comirnaty,Pfizer BioNTech,,2021-09-06,,,REPORTING
GAB,Pfizer BioNTech - Comirnaty,Comirnaty,Pfizer BioNTech,,,,,REPORTING
MAR,Pfizer BioNTech - Comirnaty,Comirnaty,Pfizer BioNTech,2021-01-06,2021-01-28,,,REPORTING
TZA,Pfizer BioNTech - Comirnaty,Comirnaty,Pfizer BioNTech,2021-08-24,,,,REPORTING
ECU,Pfizer BioNTech - Comirnaty,Comirnaty,Pfizer BioNTech,2021-12-17,2021-01-20,,,REPORTING
KGZ,Pfizer BioNTech - Comirnaty,Comirnaty,Pfizer BioNTech,,2021-11-03,,,REPORTING
HUN,Pfizer BioNTech - Comirnaty,Comirnaty,Pfizer BioNTech,,2020-12-23,,,REPORTING
DMA,Pfizer BioNTech - Comirnaty,Comirnaty,Pfizer BioNTech,,2021-09-23,,,REPORTING
IDN,Pfizer BioNTech - Comirnaty,Comirnaty,Pfizer BioNTech,2021-07-14,2021-08-23,,,REPORTING
TJK,Pfizer BioNTech - Comirnaty,Comirnaty,Pfizer BioNTech,,2021-10-06,,,REPORTING
KHM,Pfizer BioNTech - Comirnaty,Comirnaty,Pfizer BioNTech,2021-08-02,2022-01-14,,,REPORTING
THA,Pfizer BioNTech - Comirnaty,Comirnaty,Pfizer BioNTech,2021-06-24,2021-08-06,,,REPORTING
EGY,Pfizer BioNTech - Comirnaty,Comirnaty,Pfizer BioNTech,2020-12-30,2021-01-24,,,REPORTING
UKR,Pfizer BioNTech - Comirnaty,Comirnaty,Pfizer BioNTech,,2021-04-14,,,REPORTING
MEX,Pfizer BioNTech - Comirnaty,Comirnaty,Pfizer BioNTech,2020-12-11,2020-12-24,,,REPORTING
JAM,Pfizer BioNTech - Comirnaty,Comirnaty,Pfizer BioNTech,2021-08-16,2021-08-21,,,REPORTING
ROU,Pfizer BioNTech - Comirnaty,Comirnaty,Pfizer BioNTech,,2021-01-27,,,REPORTING
FSM,Pfizer BioNTech - Comirnaty,Comirnaty,Pfizer BioNTech,2020-12-11,2021-08-24,,,REPORTING
GRD,Pfizer BioNTech - Comirnaty,Comirnaty,Pfizer BioNTech,,2021-08-23,,,REPORTING
USA,Pfizer BioNTech - Comirnaty,Comirnaty,Pfizer BioNTech,2020-12-11,2020-12-14,,,REPORTING
KOR,Pfizer BioNTech - Comirnaty,Comirnaty,Pfizer BioNTech,2021-03-04,2021-02-27,,,REPORTING
POL,Pfizer BioNTech - Comirnaty,Comirnaty,Pfizer BioNTech,,2020-12-23,,,REPORTING
NCL,Pfizer BioNTech - Comirnaty,Comirnaty,Pfizer BioNTech,2020-12-29,2021-01-20,,,REPORTING
BEN,Pfizer BioNTech - Comirnaty,Comirnaty,Pfizer BioNTech,,,,,REPORTING
ZAF,Pfizer BioNTech - Comirnaty,Comirnaty,Pfizer BioNTech,,,,,REPORTING
LUX,Pfizer BioNTech - Comirnaty,Comirnaty,Pfizer BioNTech,,2020-12-30,,,REPORTING
NOR,Pfizer BioNTech - Comirnaty,Comirnaty,Pfizer BioNTech,,2020-12-30,,,REPORTING
KNA,Pfizer BioNTech - Comirnaty,Comirnaty,Pfizer BioNTech,2021-09-01,2021-09-01,,,REPORTING
MHL,Pfizer BioNTech - Comirnaty,Comirnaty,Pfizer BioNTech,2020-12-11,2021-10-01,,,REPORTING
AZE,Pfizer BioNTech - Comirnaty,Comirnaty,Pfizer BioNTech,,2021-06-09,,,REPORTING
SVK,Pfizer BioNTech - Comirnaty,Comirnaty,Pfizer BioNTech,,2021-03-03,,,REPORTING
OMN,Pfizer BioNTech - Comirnaty,Comirnaty,Pfizer BioNTech,2021-02-14,2020-12-29,,,REPORTING
TLS,Pfizer BioNTech - Comirnaty,Comirnaty,Pfizer BioNTech,2021-08-27,2021-10-27,,,REPORTING
PSE,Pfizer BioNTech - Comirnaty,Comirnaty,Pfizer BioNTech,2021-01-25,2021-02-02,,,REPORTING
DJI,Pfizer BioNTech - Comirnaty,Comirnaty,Pfizer BioNTech,2021-02-22,2021-03-15,,,REPORTING
MYS,Pfizer BioNTech - Comirnaty,Comirnaty,Pfizer BioNTech,2021-01-08,2021-02-24,,,REPORTING
SMR,Pfizer BioNTech - Comirnaty,Comirnaty,Pfizer BioNTech,,2021-03-03,,,REPORTING
PAN,Pfizer BioNTech - Comirnaty,Comirnaty,Pfizer BioNTech,2020-12-28,2021-01-20,,,REPORTING
CPV,Pfizer BioNTech - Comirnaty,Comirnaty,Pfizer BioNTech,2021-02-19,2021-03-18,,,REPORTING
KAZ,Pfizer BioNTech - Comirnaty,Comirnaty,Pfizer BioNTech,,2021-11-10,,,REPORTING
CUW,Pfizer BioNTech - Comirnaty,Comirnaty,Pfizer BioNTech,,2021-02-24,,,REPORTING
MSR,Pfizer BioNTech - Comirnaty,Comirnaty,Pfizer BioNTech,,,,,REPORTING
IRL,Pfizer BioNTech - Comirnaty,Comirnaty,Pfizer BioNTech,,2021-04-07,,,REPORTING
ARM,Pfizer BioNTech - Comirnaty,Comirnaty,Pfizer BioNTech,,2021-03-17,,,REPORTING
DEU,Pfizer BioNTech - Comirnaty,Comirnaty,Pfizer BioNTech,,2020-12-23,,,REPORTING
VNM,Pfizer BioNTech - Comirnaty,Comirnaty,Pfizer BioNTech,2021-06-12,2021-07-01,,,REPORTING
YEM,Pfizer BioNTech - Comirnaty,Comirnaty,Pfizer BioNTech,,,,,REPORTING
GEO,Pfizer BioNTech - Comirnaty,Comirnaty,Pfizer BioNTech,,2021-03-31,,,REPORTING
CRI,Pfizer BioNTech - Comirnaty,Comirnaty,Pfizer BioNTech,2020-12-15,2020-12-24,,,REPORTING
FRA,Moderna - Spikevax,Spikevax,Moderna,,2021-01-13,,,REPORTING
FIN,Moderna - Spikevax,Spikevax,Moderna,,2020-12-23,,,REPORTING
SWE,Moderna - Spikevax,Spikevax,Moderna,,2021-02-17,,,REPORTING
ESP,Moderna - Spikevax,Spikevax,Moderna,,2021-01-13,,,REPORTING
GUF,Moderna - Spikevax,Spikevax,Moderna,,,,,REPORTING
PRI,Moderna - Spikevax,Spikevax,Moderna,,,,,REPORTING
LIE,Moderna - Spikevax,Spikevax,Moderna,,2021-01-13,,,REPORTING
LBN,Moderna - Spikevax,Spikevax,Moderna,2020-12-16,2021-02-14,,,REPORTING
FJI,Moderna - Spikevax,Spikevax,Moderna,2021-09-01,,,,REPORTING
PHL,Moderna - Spikevax,Spikevax,Moderna,2021-05-05,2021-07-01,,,REPORTING
BTN,Moderna - Spikevax,Spikevax,Moderna,2021-06-22,2021-07-20,,,REPORTING
ISR,Moderna - Spikevax,Spikevax,Moderna,,2021-03-03,,,REPORTING
COL,Moderna - Spikevax,Spikevax,Moderna,2021-06-25,2021-07-27,,,REPORTING
LTU,Moderna - Spikevax,Spikevax,Moderna,,2021-01-13,,,REPORTING
SYR,Moderna - Spikevax,Spikevax,Moderna,,,,,REPORTING
SUR,Moderna - Spikevax,Spikevax,Moderna,2021-07-14,2021-07-27,,,REPORTING
MDV,Moderna - Spikevax,Spikevax,Moderna,2021-06-06,,,,REPORTING
JOR,Moderna - Spikevax,Spikevax,Moderna,2020-12-13,2021-01-13,,,REPORTING
IRN,Moderna - Spikevax,Spikevax,Moderna,,,,,REPORTING
SLV,Moderna - Spikevax,Spikevax,Moderna,2021-06-03,2021-08-02,,,REPORTING
BES,Moderna - Spikevax,Spikevax,Moderna,,2021-02-22,,,REPORTING
SXM,Moderna - Spikevax,Spikevax,Moderna,,,,,REPORTING
ASM,Moderna - Spikevax,Spikevax,Moderna,2020-12-18,2020-12-23,,,REPORTING
MNG,Moderna - Spikevax,Spikevax,Moderna,2021-01-10,,,,REPORTING
LKA,Moderna - Spikevax,Spikevax,Moderna,2021-06-28,2021-07-18,,,REPORTING
PRY,Moderna - Spikevax,Spikevax,Moderna,2020-12-29,2021-06-09,,,REPORTING
NLD,Moderna - Spikevax,Spikevax,Moderna,,2021-01-13,,,REPORTING
NIC,Moderna - Spikevax,Spikevax,Moderna,,2022-03-07,,,REPORTING
SDN,Moderna - Spikevax,Spikevax,Moderna,,,,,REPORTING
IND,Moderna - Spikevax,Spikevax,Moderna,2021-06-29,,,,REPORTING
KWT,Moderna - Spikevax,Spikevax,Moderna,2020-12-13,2020-12-28,,,REPORTING
BGD,Moderna - Spikevax,Spikevax,Moderna,2021-06-27,2021-07-13,,,REPORTING
SRB,Moderna - Spikevax,Spikevax,Moderna,,2021-11-10,,,REPORTING
UZB,Moderna - Spikevax,Spikevax,Moderna,,2021-07-28,,,REPORTING
SAU,Moderna - Spikevax,Spikevax,Moderna,2020-12-10,2021-01-06,,,REPORTING
CZE,Moderna - Spikevax,Spikevax,Moderna,,2020-12-30,,,REPORTING
RWA,Moderna - Spikevax,Spikevax,Moderna,2021-07-29,,,,REPORTING
CYP,Moderna - Spikevax,Spikevax,Moderna,,2021-01-20,,,REPORTING
ISL,Moderna - Spikevax,Spikevax,Moderna,,2021-01-13,,,REPORTING
CHE,Moderna - Spikevax,Spikevax,Moderna,,2020-12-23,,,REPORTING
NPL,Moderna - Spikevax,Spikevax,Moderna,2021-09-15,2021-12-19,,,REPORTING
PAK,Moderna - Spikevax,Spikevax,Moderna,2021-01-20,2021-02-03,,,REPORTING
LCA,Moderna - Spikevax,Spikevax,Moderna,,,,,REPORTING
JPN,Moderna - Spikevax,Spikevax,Moderna,2021-05-21,2021-05-24,,,REPORTING
PRT,Moderna - Spikevax,Spikevax,Moderna,,2021-01-20,,,REPORTING
SVN,Moderna - Spikevax,Spikevax,Moderna,,2021-03-03,,,REPORTING
BMU,Moderna - Spikevax,Spikevax,Moderna,,,,,REPORTING
LBY,Moderna - Spikevax,Spikevax,Moderna,2021-02-24,2021-04-11,,,REPORTING
EST,Moderna - Spikevax,Spikevax,Moderna,,2021-01-20,,,REPORTING
MNP,Moderna - Spikevax,Spikevax,Moderna,2020-12-18,2021-01-12,,,REPORTING
KEN,Moderna - Spikevax,Spikevax,Moderna,,,,,REPORTING
HND,Moderna - Spikevax,Spikevax,Moderna,2021-02-17,2021-02-22,,,REPORTING
MCO,Moderna - Spikevax,Spikevax,Moderna,,2022-03-02,,,REPORTING
BEL,Moderna - Spikevax,Spikevax,Moderna,,2021-01-13,,,REPORTING
ARG,Moderna - Spikevax,Spikevax,Moderna,2021-07-23,2021-08-02,,,REPORTING
GTM,Moderna - Spikevax,Spikevax,Moderna,2021-02-25,2021-02-25,,,REPORTING
MLT,Moderna - Spikevax,Spikevax,Moderna,,2021-01-13,,,REPORTING
QAT,Moderna - Spikevax,Spikevax,Moderna,,,,,REPORTING
GRC,Moderna - Spikevax,Spikevax,Moderna,,2020-12-23,,,REPORTING
BOL,Moderna - Spikevax,Spikevax,Moderna,,2022-01-10,,,REPORTING
GUM,Moderna - Spikevax,Spikevax,Moderna,2020-12-18,2021-01-29,,,REPORTING
AUT,Moderna - Spikevax,Spikevax,Moderna,,2021-01-13,,,REPORTING
CAN,Moderna - Spikevax,Spikevax,Moderna,2020-12-23,,,,REPORTING
MKD,Moderna - Spikevax,Spikevax,Moderna,,2022-08-10,,,REPORTING
GLP,Moderna - Spikevax,Spikevax,Moderna,,,,,REPORTING
SOM,Moderna - Spikevax,Spikevax,Moderna,,,,,REPORTING
PER,Moderna - Spikevax,Spikevax,Moderna,,,,,REPORTING
BGR,Moderna - Spikevax,Spikevax,Moderna,,2021-01-13,,,REPORTING
ARE,Moderna - Spikevax,Spikevax,Moderna,,,,,REPORTING
LVA,Moderna - Spikevax,Spikevax,Moderna,,2021-01-13,,,REPORTING
GUY,Moderna - Spikevax,Spikevax,Moderna,,2021-07-03,,,REPORTING
BWA,Moderna - Spikevax,Spikevax,Moderna,2021-04-16,2021-03-26,,,REPORTING
ITA,Moderna - Spikevax,Spikevax,Moderna,,2021-01-06,,,REPORTING
SGP,Moderna - Spikevax,Spikevax,Moderna,2021-02-03,2021-03-17,,,REPORTING
HRV,Moderna - Spikevax,Spikevax,Moderna,,2020-12-30,,,REPORTING
PLW,Moderna - Spikevax,Spikevax,Moderna,2020-12-18,2021-01-03,,,REPORTING
AFG,Moderna - Spikevax,Spikevax,Moderna,,,,,REPORTING
HTI,Moderna - Spikevax,Spikevax,Moderna,,,,,REPORTING
CHL,Moderna - Spikevax,Spikevax,Moderna,2022-02-02,2022-02-02,,,REPORTING
AUS,Moderna - Spikevax,Spikevax,Moderna,2021-08-09,2021-09-20,,,REPORTING
IRQ,Moderna - Spikevax,Spikevax,Moderna,,,,,REPORTING
BHR,Moderna - Spikevax,Spikevax,Moderna,,,,,REPORTING
AND,Moderna - Spikevax,Spikevax,Moderna,,2021-07-14,,,REPORTING
GBR,Moderna - Spikevax,Spikevax,Moderna,,2021-01-11,,,REPORTING
TUN,Moderna - Spikevax,Spikevax,Moderna,2021-01-11,2021-03-13,,,REPORTING
UGA,Moderna - Spikevax,Spikevax,Moderna,,,,,REPORTING
BRN,Moderna - Spikevax,Spikevax,Moderna,2021-04-09,2021-06-21,,,REPORTING
MDA,Moderna - Spikevax,Spikevax,Moderna,,2021-12-08,,,REPORTING
COG,Moderna - Spikevax,Spikevax,Moderna,2021-03-03,2021-03-23,,,REPORTING
EGY,Moderna - Spikevax,Spikevax,Moderna,2020-12-30,2021-01-24,,,REPORTING
MAR,Moderna - Spikevax,Spikevax,Moderna,,,,,REPORTING
KGZ,Moderna - Spikevax,Spikevax,Moderna,,2021-12-15,,,REPORTING
HUN,Moderna - Spikevax,Spikevax,Moderna,,2021-01-13,,,REPORTING
DNK,Moderna - Spikevax,Spikevax,Moderna,,2020-12-16,,,REPORTING
GRD,Moderna - Spikevax,Spikevax,Moderna,,2022-03-23,,,REPORTING
DMA,Moderna - Spikevax,Spikevax,Moderna,,2022-02-10,,,REPORTING
IDN,Moderna - Spikevax,Spikevax,Moderna,2021-07-01,2021-07-25,,,REPORTING
TJK,Moderna - Spikevax,Spikevax,Moderna,,2021-07-28,,,REPORTING
KHM,Moderna - Spikevax,Spikevax,Moderna,2021-08-02,2021-12-16,,,REPORTING
THA,Moderna - Spikevax,Spikevax,Moderna,2021-05-13,2021-11-08,,,REPORTING
KOR,Moderna - Spikevax,Spikevax,Moderna,2021-05-21,2021-06-01,,,REPORTING
POL,Moderna - Spikevax,Spikevax,Moderna,,2020-12-30,,,REPORTING
UKR,Moderna - Spikevax,Spikevax,Moderna,,2021-07-21,,,REPORTING
MEX,Moderna - Spikevax,Spikevax,Moderna,2021-08-17,2021-01-13,,,REPORTING
ROU,Moderna - Spikevax,Spikevax,Moderna,,2021-02-03,,,REPORTING
FSM,Moderna - Spikevax,Spikevax,Moderna,2020-12-18,2021-01-13,,,REPORTING
MYS,Moderna - Spikevax,Spikevax,Moderna,2021-08-05,,,,REPORTING
LUX,Moderna - Spikevax,Spikevax,Moderna,,2021-01-20,,,REPORTING
NOR,Moderna - Spikevax,Spikevax,Moderna,,2021-01-06,,,REPORTING
MHL,Moderna - Spikevax,Spikevax,Moderna,2020-12-18,2020-12-29,,,REPORTING
SVK,Moderna - Spikevax,Spikevax,Moderna,,2021-03-03,,,REPORTING
USA,Moderna - Spikevax,Spikevax,Moderna,2020-12-18,2020-12-21,,,REPORTING
CPV,Moderna - Spikevax,Spikevax,Moderna,,,,,REPORTING
CUW,Moderna - Spikevax,Spikevax,Moderna,,,,,REPORTING
IRL,Moderna - Spikevax,Spikevax,Moderna,,2021-10-13,,,REPORTING
OMN,Moderna - Spikevax,Spikevax,Moderna,,,,,REPORTING
PSE,Moderna - Spikevax,Spikevax,Moderna,2021-01-25,2021-02-02,,,REPORTING
DJI,Moderna - Spikevax,Spikevax,Moderna,,,,,REPORTING
ARM,Moderna - Spikevax,Spikevax,Moderna,,2021-09-15,,,REPORTING
DEU,Moderna - Spikevax,Spikevax,Moderna,,2021-01-13,,,REPORTING
VNM,Moderna - Spikevax,Spikevax,Moderna,2021-06-28,2021-07-01,,,REPORTING
WLF,Moderna - Spikevax,Spikevax,Moderna,2021-01-06,2021-03-19,,,REPORTING
YEM,Moderna - Spikevax,Spikevax,Moderna,,,,,REPORTING
CRI,Moderna - Spikevax,Spikevax,Moderna,,2022-02-22,,,REPORTING
TKM,SRCVB - EpiVacCorona,EpiVacCorona,State Research Center of Virology & Biotechnology,,2021-02-24,,,REPORTING
ETH,Bharat - Covaxin,Covaxin,Bharat Biotech,2021-03-03,2021-03-13,,,REPORTING
YEM,Bharat - Covaxin,Covaxin,Bharat Biotech,,,,,REPORTING
OMN,Bharat - Covaxin,Covaxin,Bharat Biotech,,,,,REPORTING
ZWE,Bharat - Covaxin,Covaxin,Bharat Biotech,,2021-02-18,,,REPORTING
PSE,Bharat - Covaxin,Covaxin,Bharat Biotech,,,,,REPORTING
DJI,Bharat - Covaxin,Covaxin,Bharat Biotech,,,,,REPORTING
SYR,Bharat - Covaxin,Covaxin,Bharat Biotech,,,,,REPORTING
LBN,Bharat - Covaxin,Covaxin,Bharat Biotech,,,,,REPORTING
PHL,Bharat - Covaxin,Covaxin,Bharat Biotech,2021-04-19,,,,REPORTING
SDN,Bharat - Covaxin,Covaxin,Bharat Biotech,,,,,REPORTING
IND,Bharat - Covaxin,Covaxin,Bharat Biotech,2021-01-03,2021-01-16,,,REPORTING
KWT,Bharat - Covaxin,Covaxin,Bharat Biotech,,,,,REPORTING
PRY,Bharat - Covaxin,Covaxin,Bharat Biotech,2021-01-03,2021-04-10,,,REPORTING
JOR,Bharat - Covaxin,Covaxin,Bharat Biotech,,,,,REPORTING
IRN,Bharat - Covaxin,Covaxin,Bharat Biotech,2021-01-27,2021-02-09,,,REPORTING
LBY,Bharat - Covaxin,Covaxin,Bharat Biotech,,,,,REPORTING
CAF,Bharat - Covaxin,Covaxin,Bharat Biotech,2021-02-26,2021-03-19,,,REPORTING
NPL,Bharat - Covaxin,Covaxin,Bharat Biotech,2021-03-19,,,,REPORTING
PAK,Bharat - Covaxin,Covaxin,Bharat Biotech,,,,,REPORTING
PRT,Bharat - Covaxin,Covaxin,Bharat Biotech,,2021-01-06,,,REPORTING
SAU,Bharat - Covaxin,Covaxin,Bharat Biotech,,,,,REPORTING
IRQ,Bharat - Covaxin,Covaxin,Bharat Biotech,,,,,REPORTING
BHR,Bharat - Covaxin,Covaxin,Bharat Biotech,,,,,REPORTING
BWA,Bharat - Covaxin,Covaxin,Bharat Biotech,2021-04-16,,,,REPORTING
SOM,Bharat - Covaxin,Covaxin,Bharat Biotech,,,,,REPORTING
ARE,Bharat - Covaxin,Covaxin,Bharat Biotech,,,,,REPORTING
QAT,Bharat - Covaxin,Covaxin,Bharat Biotech,,,,,REPORTING
EGY,Bharat - Covaxin,Covaxin,Bharat Biotech,,,,,REPORTING
MAR,Bharat - Covaxin,Covaxin,Bharat Biotech,,,,,REPORTING
MUS,Bharat - Covaxin,Covaxin,Bharat Biotech,2021-03-18,,,,REPORTING
TUN,Bharat - Covaxin,Covaxin,Bharat Biotech,,,,,REPORTING
AFG,Bharat - Covaxin,Covaxin,Bharat Biotech,2021-02-23,2021-02-22,,,REPORTING
COM,Bharat - Covaxin,Covaxin,Bharat Biotech,2021-02-01,2021-04-10,,,REPORTING
ETH,Janssen - Ad26.COV 2-S,Ad26.COV 2-S,Janssen Pharmaceuticals,,,,,REPORTING
FRA,Janssen - Ad26.COV 2-S,Ad26.COV 2-S,Janssen Pharmaceuticals,,2021-04-21,,,REPORTING
FIN,Janssen - Ad26.COV 2-S,Ad26.COV 2-S,Janssen Pharmaceuticals,,2020-12-23,,,REPORTING
ESP,Janssen - Ad26.COV 2-S,Ad26.COV 2-S,Janssen Pharmaceuticals,,2021-04-21,,,REPORTING
GUF,Janssen - Ad26.COV 2-S,Ad26.COV 2-S,Janssen Pharmaceuticals,,,,,REPORTING
PRI,Janssen - Ad26.COV 2-S,Ad26.COV 2-S,Janssen Pharmaceuticals,,,,,REPORTING
ABW,Janssen - Ad26.COV 2-S,Ad26.COV 2-S,Janssen Pharmaceuticals,,,,,REPORTING
LAO,Janssen - Ad26.COV 2-S,Ad26.COV 2-S,Janssen Pharmaceuticals,2021-06-23,2021-07-25,,,REPORTING
VUT,Janssen - Ad26.COV 2-S,Ad26.COV 2-S,Janssen Pharmaceuticals,2021-12-22,2022-01-28,,,REPORTING
SSD,Janssen - Ad26.COV 2-S,Ad26.COV 2-S,Janssen Pharmaceuticals,,,,,REPORTING
ZMB,Janssen - Ad26.COV 2-S,Ad26.COV 2-S,Janssen Pharmaceuticals,,,,,REPORTING
SYR,Janssen - Ad26.COV 2-S,Ad26.COV 2-S,Janssen Pharmaceuticals,2021-02-03,2021-04-01,,,REPORTING
CIV,Janssen - Ad26.COV 2-S,Ad26.COV 2-S,Janssen Pharmaceuticals,2021-01-15,,,,REPORTING
LIE,Janssen - Ad26.COV 2-S,Ad26.COV 2-S,Janssen Pharmaceuticals,,2021-10-13,,,REPORTING
LBN,Janssen - Ad26.COV 2-S,Ad26.COV 2-S,Janssen Pharmaceuticals,2020-12-16,2021-02-14,,,REPORTING
PHL,Janssen - Ad26.COV 2-S,Ad26.COV 2-S,Janssen Pharmaceuticals,2021-04-19,2021-07-19,,,REPORTING
BRB,Janssen - Ad26.COV 2-S,Ad26.COV 2-S,Janssen Pharmaceuticals,,2021-10-15,,,REPORTING
MDV,Janssen - Ad26.COV 2-S,Ad26.COV 2-S,Janssen Pharmaceuticals,2021-02-06,,,,REPORTING
JOR,Janssen - Ad26.COV 2-S,Ad26.COV 2-S,Janssen Pharmaceuticals,2020-12-13,2021-01-13,,,REPORTING
IRN,Janssen - Ad26.COV 2-S,Ad26.COV 2-S,Janssen Pharmaceuticals,,,,,REPORTING
GIN,Janssen - Ad26.COV 2-S,Ad26.COV 2-S,Janssen Pharmaceuticals,2021-03-22,2021-03-05,,,REPORTING
COL,Janssen - Ad26.COV 2-S,Ad26.COV 2-S,Janssen Pharmaceuticals,2021-03-25,2021-06-23,,,REPORTING
LTU,Janssen - Ad26.COV 2-S,Ad26.COV 2-S,Janssen Pharmaceuticals,,2021-04-21,,,REPORTING
ASM,Janssen - Ad26.COV 2-S,Ad26.COV 2-S,Janssen Pharmaceuticals,2021-02-27,2021-03-16,,,REPORTING
CMR,Janssen - Ad26.COV 2-S,Ad26.COV 2-S,Janssen Pharmaceuticals,2021-07-22,,,,REPORTING
BFA,Janssen - Ad26.COV 2-S,Ad26.COV 2-S,Janssen Pharmaceuticals,2021-07-20,,,,REPORTING
NLD,Janssen - Ad26.COV 2-S,Ad26.COV 2-S,Janssen Pharmaceuticals,,2021-04-21,,,REPORTING
NIC,Janssen - Ad26.COV 2-S,Ad26.COV 2-S,Janssen Pharmaceuticals,2021-06-25,2021-10-08,,,REPORTING
PNG,Janssen - Ad26.COV 2-S,Ad26.COV 2-S,Janssen Pharmaceuticals,2021-06-21,2021-08-28,,,REPORTING
NZL,Janssen - Ad26.COV 2-S,Ad26.COV 2-S,Janssen Pharmaceuticals,2021-07-07,,,,REPORTING
IND,Janssen - Ad26.COV 2-S,Ad26.COV 2-S,Janssen Pharmaceuticals,2021-08-05,,,,REPORTING
KWT,Janssen - Ad26.COV 2-S,Ad26.COV 2-S,Janssen Pharmaceuticals,2020-12-13,2020-12-28,,,REPORTING
BLZ,Janssen - Ad26.COV 2-S,Ad26.COV 2-S,Janssen Pharmaceuticals,,2021-09-01,,,REPORTING
BGD,Janssen - Ad26.COV 2-S,Ad26.COV 2-S,Janssen Pharmaceuticals,2021-06-15,,,,REPORTING
UZB,Janssen - Ad26.COV 2-S,Ad26.COV 2-S,Janssen Pharmaceuticals,,2022-11-09,,,REPORTING
RWA,Janssen - Ad26.COV 2-S,Ad26.COV 2-S,Janssen Pharmaceuticals,2021-06-11,,,,REPORTING
BHS,Janssen - Ad26.COV 2-S,Ad26.COV 2-S,Janssen Pharmaceuticals,,2021-08-19,,,REPORTING
CYP,Janssen - Ad26.COV 2-S,Ad26.COV 2-S,Janssen Pharmaceuticals,,2021-04-28,,,REPORTING
ISL,Janssen - Ad26.COV 2-S,Ad26.COV 2-S,Janssen Pharmaceuticals,,2021-04-28,,,REPORTING
CHE,Janssen - Ad26.COV 2-S,Ad26.COV 2-S,Janssen Pharmaceuticals,,2020-12-23,,,REPORTING
SDN,Janssen - Ad26.COV 2-S,Ad26.COV 2-S,Janssen Pharmaceuticals,2021-02-20,2021-03-09,,,REPORTING
LCA,Janssen - Ad26.COV 2-S,Ad26.COV 2-S,Janssen Pharmaceuticals,,,,,REPORTING
PRT,Janssen - Ad26.COV 2-S,Ad26.COV 2-S,Janssen Pharmaceuticals,,2020-12-30,,,REPORTING
SVN,Janssen - Ad26.COV 2-S,Ad26.COV 2-S,Janssen Pharmaceuticals,,2021-03-03,,,REPORTING
SAU,Janssen - Ad26.COV 2-S,Ad26.COV 2-S,Janssen Pharmaceuticals,2020-12-10,2021-01-06,,,REPORTING
VGB,Janssen - Ad26.COV 2-S,Ad26.COV 2-S,Janssen Pharmaceuticals,,,,,REPORTING
CZE,Janssen - Ad26.COV 2-S,Ad26.COV 2-S,Janssen Pharmaceuticals,,2021-03-03,,,REPORTING
MNP,Janssen - Ad26.COV 2-S,Ad26.COV 2-S,Janssen Pharmaceuticals,2021-02-27,2021-03-19,,,REPORTING
KEN,Janssen - Ad26.COV 2-S,Ad26.COV 2-S,Janssen Pharmaceuticals,,,,,REPORTING
HND,Janssen - Ad26.COV 2-S,Ad26.COV 2-S,Janssen Pharmaceuticals,,2021-04-22,,,REPORTING
ATG,Janssen - Ad26.COV 2-S,Ad26.COV 2-S,Janssen Pharmaceuticals,2021-08-27,2021-09-06,,,REPORTING
NPL,Janssen - Ad26.COV 2-S,Ad26.COV 2-S,Janssen Pharmaceuticals,2021-06-30,2021-07-19,,,REPORTING
PAK,Janssen - Ad26.COV 2-S,Ad26.COV 2-S,Janssen Pharmaceuticals,,,,,REPORTING
MCO,Janssen - Ad26.COV 2-S,Ad26.COV 2-S,Janssen Pharmaceuticals,,2022-04-27,,,REPORTING
BEL,Janssen - Ad26.COV 2-S,Ad26.COV 2-S,Janssen Pharmaceuticals,,2021-04-28,,,REPORTING
MLT,Janssen - Ad26.COV 2-S,Ad26.COV 2-S,Janssen Pharmaceuticals,,2021-02-24,,,REPORTING
QAT,Janssen - Ad26.COV 2-S,Ad26.COV 2-S,Janssen Pharmaceuticals,,,,,REPORTING
LBY,Janssen - Ad26.COV 2-S,Ad26.COV 2-S,Janssen Pharmaceuticals,2021-02-24,2021-04-11,,,REPORTING
EST,Janssen - Ad26.COV 2-S,Ad26.COV 2-S,Janssen Pharmaceuticals,,2021-04-28,,,REPORTING
GUM,Janssen - Ad26.COV 2-S,Ad26.COV 2-S,Janssen Pharmaceuticals,2021-02-27,2021-03-15,,,REPORTING
MWI,Janssen - Ad26.COV 2-S,Ad26.COV 2-S,Janssen Pharmaceuticals,,,,,REPORTING
AUT,Janssen - Ad26.COV 2-S,Ad26.COV 2-S,Janssen Pharmaceuticals,,2021-03-17,,,REPORTING
CAN,Janssen - Ad26.COV 2-S,Ad26.COV 2-S,Janssen Pharmaceuticals,,,,,REPORTING
BRA,Janssen - Ad26.COV 2-S,Ad26.COV 2-S,Janssen Pharmaceuticals,,2021-06-23,,,REPORTING
PYF,Janssen - Ad26.COV 2-S,Ad26.COV 2-S,Janssen Pharmaceuticals,2021-03-25,2021-05-03,,,REPORTING
BGR,Janssen - Ad26.COV 2-S,Ad26.COV 2-S,Janssen Pharmaceuticals,,2021-05-12,,,REPORTING
ARE,Janssen - Ad26.COV 2-S,Ad26.COV 2-S,Janssen Pharmaceuticals,,,,,REPORTING
NAM,Janssen - Ad26.COV 2-S,Ad26.COV 2-S,Janssen Pharmaceuticals,2021-08-02,,,,REPORTING
LVA,Janssen - Ad26.COV 2-S,Ad26.COV 2-S,Janssen Pharmaceuticals,,2021-01-06,,,REPORTING
GRC,Janssen - Ad26.COV 2-S,Ad26.COV 2-S,Janssen Pharmaceuticals,,2021-01-06,,,REPORTING
BOL,Janssen - Ad26.COV 2-S,Ad26.COV 2-S,Janssen Pharmaceuticals,,2021-10-07,,,REPORTING
ITA,Janssen - Ad26.COV 2-S,Ad26.COV 2-S,Janssen Pharmaceuticals,,2021-01-06,,,REPORTING
HRV,Janssen - Ad26.COV 2-S,Ad26.COV 2-S,Janssen Pharmaceuticals,,2021-01-13,,,REPORTING
SEN,Janssen - Ad26.COV 2-S,Ad26.COV 2-S,Janssen Pharmaceuticals,2021-07-20,,,,REPORTING
PLW,Janssen - Ad26.COV 2-S,Ad26.COV 2-S,Janssen Pharmaceuticals,2021-02-27,2021-03-21,,,REPORTING
GLP,Janssen - Ad26.COV 2-S,Ad26.COV 2-S,Janssen Pharmaceuticals,,,,,REPORTING
SOM,Janssen - Ad26.COV 2-S,Ad26.COV 2-S,Janssen Pharmaceuticals,2021-02-22,2021-03-16,,,REPORTING
HTI,Janssen - Ad26.COV 2-S,Ad26.COV 2-S,Janssen Pharmaceuticals,,,,,REPORTING
AUS,Janssen - Ad26.COV 2-S,Ad26.COV 2-S,Janssen Pharmaceuticals,2021-06-25,,,,REPORTING
IRQ,Janssen - Ad26.COV 2-S,Ad26.COV 2-S,Janssen Pharmaceuticals,,,,,REPORTING
BHR,Janssen - Ad26.COV 2-S,Ad26.COV 2-S,Janssen Pharmaceuticals,2020-11-03,2020-11-04,,,REPORTING
GUY,Janssen - Ad26.COV 2-S,Ad26.COV 2-S,Janssen Pharmaceuticals,,,,,REPORTING
BWA,Janssen - Ad26.COV 2-S,Ad26.COV 2-S,Janssen Pharmaceuticals,2021-03-26,,,,REPORTING
UGA,Janssen - Ad26.COV 2-S,Ad26.COV 2-S,Janssen Pharmaceuticals,,,,,REPORTING
BRN,Janssen - Ad26.COV 2-S,Ad26.COV 2-S,Janssen Pharmaceuticals,,,,,REPORTING
TTO,Janssen - Ad26.COV 2-S,Ad26.COV 2-S,Janssen Pharmaceuticals,,2021-10-23,,,REPORTING
MDA,Janssen - Ad26.COV 2-S,Ad26.COV 2-S,Janssen Pharmaceuticals,,2021-05-26,,,REPORTING
SWZ,Janssen - Ad26.COV 2-S,Ad26.COV 2-S,Janssen Pharmaceuticals,,,,,REPORTING
AFG,Janssen - Ad26.COV 2-S,Ad26.COV 2-S,Janssen Pharmaceuticals,2021-02-23,2021-02-22,,,REPORTING
MAR,Janssen - Ad26.COV 2-S,Ad26.COV 2-S,Janssen Pharmaceuticals,2021-01-06,2021-01-28,,,REPORTING
TZA,Janssen - Ad26.COV 2-S,Ad26.COV 2-S,Janssen Pharmaceuticals,2021-07-20,2021-07-28,,,REPORTING
HUN,Janssen - Ad26.COV 2-S,Ad26.COV 2-S,Janssen Pharmaceuticals,,2021-05-05,,,REPORTING
DNK,Janssen - Ad26.COV 2-S,Ad26.COV 2-S,Janssen Pharmaceuticals,,2021-01-06,,,REPORTING
MOZ,Janssen - Ad26.COV 2-S,Ad26.COV 2-S,Janssen Pharmaceuticals,2021-07-26,,,,REPORTING
TUN,Janssen - Ad26.COV 2-S,Ad26.COV 2-S,Janssen Pharmaceuticals,2021-01-11,2021-03-13,,,REPORTING
FSM,Janssen - Ad26.COV 2-S,Ad26.COV 2-S,Janssen Pharmaceuticals,2021-02-27,2021-04-09,,,REPORTING
GRD,Janssen - Ad26.COV 2-S,Ad26.COV 2-S,Janssen Pharmaceuticals,,2021-11-12,,,REPORTING
IDN,Janssen - Ad26.COV 2-S,Ad26.COV 2-S,Janssen Pharmaceuticals,2021-09-07,2021-10-28,,,REPORTING
KHM,Janssen - Ad26.COV 2-S,Ad26.COV 2-S,Janssen Pharmaceuticals,2021-07-21,2021-08-01,,,REPORTING
THA,Janssen - Ad26.COV 2-S,Ad26.COV 2-S,Janssen Pharmaceuticals,2021-03-25,,,,REPORTING
EGY,Janssen - Ad26.COV 2-S,Ad26.COV 2-S,Janssen Pharmaceuticals,2020-12-30,2021-01-24,,,REPORTING
BEN,Janssen - Ad26.COV 2-S,Ad26.COV 2-S,Janssen Pharmaceuticals,,,,,REPORTING
ZAF,Janssen - Ad26.COV 2-S,Ad26.COV 2-S,Janssen Pharmaceuticals,,2021-02-17,,,REPORTING
UKR,Janssen - Ad26.COV 2-S,Ad26.COV 2-S,Janssen Pharmaceuticals,,2021-05-19,,,REPORTING
MEX,Janssen - Ad26.COV 2-S,Ad26.COV 2-S,Janssen Pharmaceuticals,2021-05-27,2021-01-18,,,REPORTING
JAM,Janssen - Ad26.COV 2-S,Ad26.COV 2-S,Janssen Pharmaceuticals,2021-07-13,2021-07-14,,,REPORTING
ROU,Janssen - Ad26.COV 2-S,Ad26.COV 2-S,Janssen Pharmaceuticals,,2021-05-05,,,REPORTING
MHL,Janssen - Ad26.COV 2-S,Ad26.COV 2-S,Janssen Pharmaceuticals,2021-02-27,2021-04-08,,,REPORTING
SVK,Janssen - Ad26.COV 2-S,Ad26.COV 2-S,Janssen Pharmaceuticals,,2021-03-03,,,REPORTING
USA,Janssen - Ad26.COV 2-S,Ad26.COV 2-S,Janssen Pharmaceuticals,,2021-03-01,,,REPORTING
KOR,Janssen - Ad26.COV 2-S,Ad26.COV 2-S,Janssen Pharmaceuticals,2021-04-07,2021-06-10,,,REPORTING
POL,Janssen - Ad26.COV 2-S,Ad26.COV 2-S,Janssen Pharmaceuticals,,2021-01-06,,,REPORTING
NCL,Janssen - Ad26.COV 2-S,Ad26.COV 2-S,Janssen Pharmaceuticals,,,,,REPORTING
OMN,Janssen - Ad26.COV 2-S,Ad26.COV 2-S,Janssen Pharmaceuticals,,,,,REPORTING
PSE,Janssen - Ad26.COV 2-S,Ad26.COV 2-S,Janssen Pharmaceuticals,2021-01-25,2021-02-02,,,REPORTING
DJI,Janssen - Ad26.COV 2-S,Ad26.COV 2-S,Janssen Pharmaceuticals,2021-02-22,2021-03-15,,,REPORTING
MYS,Janssen - Ad26.COV 2-S,Ad26.COV 2-S,Janssen Pharmaceuticals,2021-06-15,,,,REPORTING
LUX,Janssen - Ad26.COV 2-S,Ad26.COV 2-S,Janssen Pharmaceuticals,,2021-04-07,,,REPORTING
NOR,Janssen - Ad26.COV 2-S,Ad26.COV 2-S,Janssen Pharmaceuticals,,2021-03-10,,,REPORTING
ARM,Janssen - Ad26.COV 2-S,Ad26.COV 2-S,Janssen Pharmaceuticals,,2021-05-05,,,REPORTING
DEU,Janssen - Ad26.COV 2-S,Ad26.COV 2-S,Janssen Pharmaceuticals,,2021-04-21,,,REPORTING
MDG,Janssen - Ad26.COV 2-S,Ad26.COV 2-S,Janssen Pharmaceuticals,2021-07-21,,,,REPORTING
YEM,Janssen - Ad26.COV 2-S,Ad26.COV 2-S,Janssen Pharmaceuticals,2021-02-27,2021-04-20,,,REPORTING
LSO,Janssen - Ad26.COV 2-S,Ad26.COV 2-S,Janssen Pharmaceuticals,2021-07-07,,,,REPORTING
IRL,Janssen - Ad26.COV 2-S,Ad26.COV 2-S,Janssen Pharmaceuticals,,2021-04-07,,,REPORTING
ARM,Sinovac - CoronaVac,Coronavac,Sinovac,,2021-03-31,,,REPORTING
YEM,Sinovac - CoronaVac,Coronavac,Sinovac,2021-02-27,2021-04-20,,,REPORTING
GEO,Sinovac - CoronaVac,Coronavac,Sinovac,,2021-05-26,,,REPORTING
KAZ,Sinovac - CoronaVac,Coronavac,Sinovac,,2021-05-05,,,REPORTING
OMN,Sinovac - CoronaVac,Coronavac,Sinovac,2021-02-14,2020-12-29,,,REPORTING
TLS,Sinovac - CoronaVac,Coronavac,Sinovac,2021-01-06,2021-06-14,,,REPORTING
LBN,Sinovac - CoronaVac,Coronavac,Sinovac,,,,,REPORTING
PHL,Sinovac - CoronaVac,Coronavac,Sinovac,2021-02-22,2021-03-01,,,REPORTING
LAO,Sinovac - CoronaVac,Coronavac,Sinovac,2021-06-16,2021-10-05,,,REPORTING
SLV,Sinovac - CoronaVac,Coronavac,Sinovac,2021-03-09,2021-03-28,,,REPORTING
GIN,Sinovac - CoronaVac,Coronavac,Sinovac,2021-04-01,2021-03-05,,,REPORTING
DOM,Sinovac - CoronaVac,Coronavac,Sinovac,2020-12-20,2021-02-24,,,REPORTING
COL,Sinovac - CoronaVac,Coronavac,Sinovac,2021-02-04,2021-02-22,,,REPORTING
SYR,Sinovac - CoronaVac,Coronavac,Sinovac,2021-02-03,2021-04-01,,,REPORTING
VEN,Sinovac - CoronaVac,Coronavac,Sinovac,,,,,REPORTING
BGD,Sinovac - CoronaVac,Coronavac,Sinovac,2021-06-06,2021-12-11,,,REPORTING
UZB,Sinovac - CoronaVac,Coronavac,Sinovac,,2021-10-20,,,REPORTING
PRY,Sinovac - CoronaVac,Coronavac,Sinovac,2021-02-06,2021-03-10,,,REPORTING
MDV,Sinovac - CoronaVac,Coronavac,Sinovac,2021-03-14,,,,REPORTING
JOR,Sinovac - CoronaVac,Coronavac,Sinovac,2020-12-13,2021-01-13,,,REPORTING
IRN,Sinovac - CoronaVac,Coronavac,Sinovac,,,,,REPORTING
SAU,Sinovac - CoronaVac,Coronavac,Sinovac,,,,,REPORTING
DZA,Sinovac - CoronaVac,Coronavac,Sinovac,2021-03-31,,,,REPORTING
RWA,Sinovac - CoronaVac,Coronavac,Sinovac,2021-07-17,,,,REPORTING
SDN,Sinovac - CoronaVac,Coronavac,Sinovac,2021-02-20,2021-03-09,,,REPORTING
KWT,Sinovac - CoronaVac,Coronavac,Sinovac,,,,,REPORTING
URY,Sinovac - CoronaVac,Coronavac,Sinovac,2021-02-18,2021-02-27,,,REPORTING
CHN,Sinovac - CoronaVac,Coronavac,Sinovac,2020-07-22,2020-07-22,,,REPORTING
QAT,Sinovac - CoronaVac,Coronavac,Sinovac,,,,,REPORTING
ALB,Sinovac - CoronaVac,Coronavac,Sinovac,,2021-03-24,,,REPORTING
LBY,Sinovac - CoronaVac,Coronavac,Sinovac,2021-02-24,2021-04-11,,,REPORTING
PAK,Sinovac - CoronaVac,Coronavac,Sinovac,2021-01-20,2021-02-03,,,REPORTING
PRT,Sinovac - CoronaVac,Coronavac,Sinovac,,2020-12-23,,,REPORTING
GNQ,Sinovac - CoronaVac,Coronavac,Sinovac,,2021-02-12,,,REPORTING
BWA,Sinovac - CoronaVac,Coronavac,Sinovac,2021-04-08,2021-03-26,,,REPORTING
SOM,Sinovac - CoronaVac,Coronavac,Sinovac,,,,,REPORTING
ARE,Sinovac - CoronaVac,Coronavac,Sinovac,,,,,REPORTING
MKD,Sinovac - CoronaVac,Coronavac,Sinovac,,2021-06-16,,,REPORTING
BRA,Sinovac - CoronaVac,Coronavac,Sinovac,2021-01-17,2021-01-17,,,REPORTING
UGA,Sinovac - CoronaVac,Coronavac,Sinovac,,,,,REPORTING
MDA,Sinovac - CoronaVac,Coronavac,Sinovac,,2021-05-12,,,REPORTING
AFG,Sinovac - CoronaVac,Coronavac,Sinovac,,,,,REPORTING
CHL,Sinovac - CoronaVac,Coronavac,Sinovac,2021-01-20,2021-02-03,,,REPORTING
IRQ,Sinovac - CoronaVac,Coronavac,Sinovac,,,,,REPORTING
BHR,Sinovac - CoronaVac,Coronavac,Sinovac,,,,,REPORTING
THA,Sinovac - CoronaVac,Coronavac,Sinovac,2021-02-22,2021-02-28,,,REPORTING
EGY,Sinovac - CoronaVac,Coronavac,Sinovac,2020-12-30,2021-01-24,,,REPORTING
MAR,Sinovac - CoronaVac,Coronavac,Sinovac,,,,,REPORTING
ECU,Sinovac - CoronaVac,Coronavac,Sinovac,2021-03-06,2021-03-08,,,REPORTING
HUN,Sinovac - CoronaVac,Coronavac,Sinovac,,2021-02-15,,,REPORTING
TUN,Sinovac - CoronaVac,Coronavac,Sinovac,2021-01-11,2021-03-13,,,REPORTING
UKR,Sinovac - CoronaVac,Coronavac,Sinovac,,2021-04-14,,,REPORTING
MEX,Sinovac - CoronaVac,Coronavac,Sinovac,2021-02-09,2021-02-22,,,REPORTING
JAM,Sinovac - CoronaVac,Coronavac,Sinovac,,,,,REPORTING
IDN,Sinovac - CoronaVac,Coronavac,Sinovac,2021-01-11,2021-01-13,,,REPORTING
TJK,Sinovac - CoronaVac,Coronavac,Sinovac,,2021-06-09,,,REPORTING
KHM,Sinovac - CoronaVac,Coronavac,Sinovac,2021-02-12,2021-04-01,,,REPORTING
ZWE,Sinovac - CoronaVac,Coronavac,Sinovac,,2021-02-18,,,REPORTING
PSE,Sinovac - CoronaVac,Coronavac,Sinovac,2021-01-25,2021-02-02,,,REPORTING
DJI,Sinovac - CoronaVac,Coronavac,Sinovac,2021-02-22,2021-03-15,,,REPORTING
MYS,Sinovac - CoronaVac,Coronavac,Sinovac,2021-03-02,2021-03-18,,,REPORTING
AZE,Sinovac - CoronaVac,Coronavac,Sinovac,,2021-01-20,,,REPORTING
BEN,Sinovac - CoronaVac,Coronavac,Sinovac,2021-02-26,2021-03-29,,,REPORTING
FRA,Novavax-NUVAXOVID,NUVAXOVID,Novavax,,2022-02-23,,,REPORTING
SWE,Novavax-NUVAXOVID,NUVAXOVID,Novavax,,2022-03-09,,,REPORTING
PRI,Novavax-NUVAXOVID,NUVAXOVID,Novavax,,,,,REPORTING
DEU,Novavax-NUVAXOVID,NUVAXOVID,Novavax,,2022-02-23,,,REPORTING
IRL,Novavax-NUVAXOVID,NUVAXOVID,Novavax,,2021-02-03,,,REPORTING
LUX,Novavax-NUVAXOVID,NUVAXOVID,Novavax,,2022-03-02,,,REPORTING
NLD,Novavax-NUVAXOVID,NUVAXOVID,Novavax,,2022-03-16,,,REPORTING
PHL,Novavax-NUVAXOVID,NUVAXOVID,Novavax,,,,,REPORTING
SVN,Novavax-NUVAXOVID,NUVAXOVID,Novavax,,2021-03-31,,,REPORTING
CZE,Novavax-NUVAXOVID,NUVAXOVID,Novavax,,2022-03-02,,,REPORTING
CYP,Novavax-NUVAXOVID,NUVAXOVID,Novavax,,2022-03-09,,,REPORTING
ISL,Novavax-NUVAXOVID,NUVAXOVID,Novavax,,2022-08-03,,,REPORTING
CHE,Novavax-NUVAXOVID,NUVAXOVID,Novavax,,2022-07-20,,,REPORTING
NZL,Novavax-NUVAXOVID,NUVAXOVID,Novavax,,,,,REPORTING
CAN,Novavax-NUVAXOVID,NUVAXOVID,Novavax,,,,,REPORTING
MCO,Novavax-NUVAXOVID,NUVAXOVID,Novavax,,2022-03-30,,,REPORTING
BEL,Novavax-NUVAXOVID,NUVAXOVID,Novavax,,2022-03-02,,,REPORTING
EST,Novavax-NUVAXOVID,NUVAXOVID,Novavax,,2022-03-09,,,REPORTING
JPN,Novavax-NUVAXOVID,NUVAXOVID,Novavax,,,,,REPORTING
PRT,Novavax-NUVAXOVID,NUVAXOVID,Novavax,,2021-01-20,,,REPORTING
ITA,Novavax-NUVAXOVID,NUVAXOVID,Novavax,,2022-02-02,,,REPORTING
HRV,Novavax-NUVAXOVID,NUVAXOVID,Novavax,,2022-03-02,,,REPORTING
GLP,Novavax-NUVAXOVID,NUVAXOVID,Novavax,,,,,REPORTING
LVA,Novavax-NUVAXOVID,NUVAXOVID,Novavax,,2022-03-02,,,REPORTING
GRC,Novavax-NUVAXOVID,NUVAXOVID,Novavax,,2021-10-13,,,REPORTING
AUT,Novavax-NUVAXOVID,NUVAXOVID,Novavax,,2022-02-23,,,REPORTING
SVK,Novavax-NUVAXOVID,NUVAXOVID,Novavax,,2022-03-30,,,REPORTING
USA,Novavax-NUVAXOVID,NUVAXOVID,Novavax,,,,,REPORTING
KOR,Novavax-NUVAXOVID,NUVAXOVID,Novavax,,,,,REPORTING
POL,Novavax-NUVAXOVID,NUVAXOVID,Novavax,,2021-06-09,,,REPORTING
IDN,Novavax-NUVAXOVID,NUVAXOVID,Novavax,2021-11-01,2021-12-06,,,REPORTING
AUS,Novavax-NUVAXOVID,NUVAXOVID,Novavax,,,,,REPORTING
ETH,SII - Covishield,Covishield,Serum Institute of India,2021-03-03,2021-03-13,,,REPORTING
TGO,SII - Covishield,Covishield,Serum Institute of India,,2021-03-10,,,REPORTING
STP,SII - Covishield,Covishield,Serum Institute of India,2021-02-21,2021-03-15,,,REPORTING
AGO,SII - Covishield,Covishield,Serum Institute of India,,2021-03-10,,,REPORTING
ARM,SII - Covishield,Covishield,Serum Institute of India,,2021-04-28,,,REPORTING
MDG,SII - Covishield,Covishield,Serum Institute of India,2021-03-26,2021-05-10,,,REPORTING
SSD,SII - Covishield,Covishield,Serum Institute of India,2021-03-01,2021-04-06,,,REPORTING
ZMB,SII - Covishield,Covishield,Serum Institute of India,2021-02-28,2021-04-14,,,REPORTING
SYR,SII - Covishield,Covishield,Serum Institute of India,2021-02-03,2021-04-01,,,REPORTING
SUR,SII - Covishield,Covishield,Serum Institute of India,2021-02-15,2021-02-23,,,REPORTING
CIV,SII - Covishield,Covishield,Serum Institute of India,2021-02-13,2021-03-01,,,REPORTING
FJI,SII - Covishield,Covishield,Serum Institute of India,,2021-04-06,,,REPORTING
BRB,SII - Covishield,Covishield,Serum Institute of India,,2021-01-08,,,REPORTING
LAO,SII - Covishield,Covishield,Serum Institute of India,2021-02-22,2021-04-02,,,REPORTING
GIN,SII - Covishield,Covishield,Serum Institute of India,2021-02-18,2021-03-05,,,REPORTING
DOM,SII - Covishield,Covishield,Serum Institute of India,2020-12-20,2021-02-16,,,REPORTING
MLI,SII - Covishield,Covishield,Serum Institute of India,2021-02-19,2021-03-31,,,REPORTING
BTN,SII - Covishield,Covishield,Serum Institute of India,2021-01-21,2021-03-27,,,REPORTING
GMB,SII - Covishield,Covishield,Serum Institute of India,2021-02-12,2021-03-10,,,REPORTING
GHA,SII - Covishield,Covishield,Serum Institute of India,2021-02-12,2021-03-02,,,REPORTING
LKA,SII - Covishield,Covishield,Serum Institute of India,2021-01-22,2021-01-29,,,REPORTING
BFA,SII - Covishield,Covishield,Serum Institute of India,2021-05-21,2021-06-02,,,REPORTING
NIC,SII - Covishield,Covishield,Serum Institute of India,2021-02-15,2021-04-06,,,REPORTING
PNG,SII - Covishield,Covishield,Serum Institute of India,2021-03-02,2021-05-05,,,REPORTING
MDV,SII - Covishield,Covishield,Serum Institute of India,2021-01-29,2021-02-01,,,REPORTING
SLV,SII - Covishield,Covishield,Serum Institute of India,2021-01-25,2021-04-12,,,REPORTING
BLZ,SII - Covishield,Covishield,Serum Institute of India,2021-02-15,2021-03-01,,,REPORTING
BGD,SII - Covishield,Covishield,Serum Institute of India,2021-01-07,2021-01-27,,,REPORTING
UZB,SII - Covishield,Covishield,Serum Institute of India,,2021-04-28,,,REPORTING
MNG,SII - Covishield,Covishield,Serum Institute of India,2021-01-10,2021-02-23,,,REPORTING
NER,SII - Covishield,Covishield,Serum Institute of India,2021-03-04,2021-03-29,,,REPORTING
CMR,SII - Covishield,Covishield,Serum Institute of India,2021-03-04,2021-04-12,,,REPORTING
LCA,SII - Covishield,Covishield,Serum Institute of India,2021-02-15,2021-02-17,,,REPORTING
DZA,SII - Covishield,Covishield,Serum Institute of India,2021-02-01,,,,REPORTING
RWA,SII - Covishield,Covishield,Serum Institute of India,2021-02-23,2021-03-05,,,REPORTING
BHS,SII - Covishield,Covishield,Serum Institute of India,2021-03-05,2021-03-14,,,REPORTING
SDN,SII - Covishield,Covishield,Serum Institute of India,2021-02-20,2021-03-09,,,REPORTING
IND,SII - Covishield,Covishield,Serum Institute of India,2021-01-03,2021-01-16,,,REPORTING
HND,SII - Covishield,Covishield,Serum Institute of India,2021-03-04,2021-05-22,,,REPORTING
ATG,SII - Covishield,Covishield,Serum Institute of India,2021-04-05,2021-07-12,,,REPORTING
GNB,SII - Covishield,Covishield,Serum Institute of India,,2021-04-02,,,REPORTING
NPL,SII - Covishield,Covishield,Serum Institute of India,2021-01-15,2021-01-27,,,REPORTING
SLB,SII - Covishield,Covishield,Serum Institute of India,2021-02-22,2021-03-23,,,REPORTING
PAK,SII - Covishield,Covishield,Serum Institute of India,2021-01-20,2021-02-03,,,REPORTING
SYC,SII - Covishield,Covishield,Serum Institute of India,,2021-01-10,,,REPORTING
GTM,SII - Covishield,Covishield,Serum Institute of India,2021-02-18,2021-03-03,,,REPORTING
ALB,SII - Covishield,Covishield,Serum Institute of India,,2021-04-21,,,REPORTING
VCT,SII - Covishield,Covishield,Serum Institute of India,2021-02-11,2021-02-14,,,REPORTING
CAF,SII - Covishield,Covishield,Serum Institute of India,2021-02-26,2021-03-19,,,REPORTING
KEN,SII - Covishield,Covishield,Serum Institute of India,,2021-03-05,,,REPORTING
BOL,SII - Covishield,Covishield,Serum Institute of India,,,,,REPORTING
MWI,SII - Covishield,Covishield,Serum Institute of India,,2021-03-11,,,REPORTING
CAN,SII - Covishield,Covishield,Serum Institute of India,,,,,REPORTING
LBR,SII - Covishield,Covishield,Serum Institute of India,2021-03-15,2021-04-01,,,REPORTING
BRA,SII - Covishield,Covishield,Serum Institute of India,2021-01-17,2021-01-17,,,REPORTING
ARG,SII - Covishield,Covishield,Serum Institute of India,2020-12-30,2021-02-21,,,REPORTING
SEN,SII - Covishield,Covishield,Serum Institute of India,2021-02-16,2021-02-23,,,REPORTING
COD,SII - Covishield,Covishield,Serum Institute of India,2021-02-26,2021-04-19,,,REPORTING
NRU,SII - Covishield,Covishield,Serum Institute of India,2021-03-02,2021-06-01,,,REPORTING
SOM,SII - Covishield,Covishield,Serum Institute of India,2021-02-22,2021-03-16,,,REPORTING
ARE,SII - Covishield,Covishield,Serum Institute of India,,,,,REPORTING
NAM,SII - Covishield,Covishield,Serum Institute of India,2021-03-05,2021-03-19,,,REPORTING
SWZ,SII - Covishield,Covishield,Serum Institute of India,,2021-03-19,,,REPORTING
AFG,SII - Covishield,Covishield,Serum Institute of India,2021-02-23,2021-02-22,,,REPORTING
COM,SII - Covishield,Covishield,Serum Institute of India,,2021-04-10,,,REPORTING
BHR,SII - Covishield,Covishield,Serum Institute of India,,2020-12-25,,,REPORTING
GUY,SII - Covishield,Covishield,Serum Institute of India,,2021-02-11,,,REPORTING
BWA,SII - Covishield,Covishield,Serum Institute of India,2021-02-26,2021-03-26,,,REPORTING
COG,SII - Covishield,Covishield,Serum Institute of India,2021-03-03,2021-03-23,,,REPORTING
SLE,SII - Covishield,Covishield,Serum Institute of India,2021-03-04,2021-03-15,,,REPORTING
MUS,SII - Covishield,Covishield,Serum Institute of India,2021-01-21,2021-01-26,,,REPORTING
MOZ,SII - Covishield,Covishield,Serum Institute of India,2021-03-04,2021-03-08,,,REPORTING
UGA,SII - Covishield,Covishield,Serum Institute of India,,2021-03-10,,,REPORTING
TTO,SII - Covishield,Covishield,Serum Institute of India,2021-02-15,2021-02-17,,,REPORTING
JAM,SII - Covishield,Covishield,Serum Institute of India,2021-02-15,2021-03-10,,,REPORTING
GRD,SII - Covishield,Covishield,Serum Institute of India,2021-02-12,2021-02-15,,,REPORTING
DMA,SII - Covishield,Covishield,Serum Institute of India,2021-02-09,2021-02-12,,,REPORTING
TJK,SII - Covishield,Covishield,Serum Institute of India,,2021-03-24,,,REPORTING
KHM,SII - Covishield,Covishield,Serum Institute of India,2021-02-12,2021-03-04,,,REPORTING
THA,SII - Covishield,Covishield,Serum Institute of India,2021-01-21,2021-03-16,,,REPORTING
TLS,SII - Covishield,Covishield,Serum Institute of India,2021-02-23,2021-04-07,,,REPORTING
DJI,SII - Covishield,Covishield,Serum Institute of India,2021-02-22,2021-03-15,,,REPORTING
KNA,SII - Covishield,Covishield,Serum Institute of India,2021-01-29,2021-02-22,,,REPORTING
BEN,SII - Covishield,Covishield,Serum Institute of India,2021-02-24,2021-03-29,,,REPORTING
MRT,SII - Covishield,Covishield,Serum Institute of India,,2021-03-26,,,REPORTING
UKR,SII - Covishield,Covishield,Serum Institute of India,,2021-02-24,,,REPORTING
NGA,SII - Covishield,Covishield,Serum Institute of India,2021-03-04,2021-03-05,,,REPORTING
YEM,SII - Covishield,Covishield,Serum Institute of India,2021-02-27,2021-04-20,,,REPORTING
CPV,SII - Covishield,Covishield,Serum Institute of India,2021-02-25,2021-03-18,,,REPORTING
LSO,SII - Covishield,Covishield,Serum Institute of India,2021-02-25,2021-03-10,,,REPORTING
MMR,SII - Covishield,Covishield,Serum Institute of India,2021-01-20,2021-01-27,,,REPORTING
OMN,SII - Covishield,Covishield,Serum Institute of India,,,,,REPORTING
CUB,Finlay - Soberana Plus,Soberana Plus,Instituto Finlay de Vacunas,,,,,REPORTING
NIC,Finlay - Soberana Plus,Soberana Plus,Instituto Finlay de Vacunas,,2021-10-26,,,REPORTING
ARM,Gamaleya - Sputnik-Light,Sputnik-Light,Gamaleya Research Institute,,2022-02-09,,,REPORTING
YEM,Gamaleya - Sputnik-Light,Sputnik-Light,Gamaleya Research Institute,,,,,REPORTING
OMN,Gamaleya - Sputnik-Light,Sputnik-Light,Gamaleya Research Institute,,,,,REPORTING
PSE,Gamaleya - Sputnik-Light,Sputnik-Light,Gamaleya Research Institute,2021-01-25,2021-02-02,,,REPORTING
DJI,Gamaleya - Sputnik-Light,Sputnik-Light,Gamaleya Research Institute,,,,,REPORTING
AZE,Gamaleya - Sputnik-Light,Sputnik-Light,Gamaleya Research Institute,,2022-03-02,,,REPORTING
LAO,Gamaleya - Sputnik-Light,Sputnik-Light,Gamaleya Research Institute,2021-10-01,2021-09-29,,,REPORTING
JOR,Gamaleya - Sputnik-Light,Sputnik-Light,Gamaleya Research Institute,,,,,REPORTING
IRN,Gamaleya - Sputnik-Light,Sputnik-Light,Gamaleya Research Institute,,,,,REPORTING
SYR,Gamaleya - Sputnik-Light,Sputnik-Light,Gamaleya Research Institute,2021-02-03,2021-04-01,,,REPORTING
VEN,Gamaleya - Sputnik-Light,Sputnik-Light,Gamaleya Research Institute,,,,,REPORTING
LBN,Gamaleya - Sputnik-Light,Sputnik-Light,Gamaleya Research Institute,2020-12-16,2021-02-14,,,REPORTING
PHL,Gamaleya - Sputnik-Light,Sputnik-Light,Gamaleya Research Institute,2021-08-20,2021-08-23,,,REPORTING
PAK,Gamaleya - Sputnik-Light,Sputnik-Light,Gamaleya Research Institute,,,,,REPORTING
SAU,Gamaleya - Sputnik-Light,Sputnik-Light,Gamaleya Research Institute,,,,,REPORTING
SDN,Gamaleya - Sputnik-Light,Sputnik-Light,Gamaleya Research Institute,,,,,REPORTING
KWT,Gamaleya - Sputnik-Light,Sputnik-Light,Gamaleya Research Institute,,,,,REPORTING
UZB,Gamaleya - Sputnik-Light,Sputnik-Light,Gamaleya Research Institute,,2021-12-15,,,REPORTING
NIC,Gamaleya - Sputnik-Light,Sputnik-Light,Gamaleya Research Institute,,2021-10-25,,,REPORTING
SOM,Gamaleya - Sputnik-Light,Sputnik-Light,Gamaleya Research Institute,,,,,REPORTING
ARE,Gamaleya - Sputnik-Light,Sputnik-Light,Gamaleya Research Institute,,,,,REPORTING
BLR,Gamaleya - Sputnik-Light,Sputnik-Light,Gamaleya Research Institute,,2021-10-06,,,REPORTING
QAT,Gamaleya - Sputnik-Light,Sputnik-Light,Gamaleya Research Institute,,,,,REPORTING
LBY,Gamaleya - Sputnik-Light,Sputnik-Light,Gamaleya Research Institute,,,,,REPORTING
VCT,Gamaleya - Sputnik-Light,Sputnik-Light,Gamaleya Research Institute,,,,,REPORTING
EGY,Gamaleya - Sputnik-Light,Sputnik-Light,Gamaleya Research Institute,,,,,REPORTING
MAR,Gamaleya - Sputnik-Light,Sputnik-Light,Gamaleya Research Institute,,,,,REPORTING
TUN,Gamaleya - Sputnik-Light,Sputnik-Light,Gamaleya Research Institute,2021-01-11,2021-03-13,,,REPORTING
AFG,Gamaleya - Sputnik-Light,Sputnik-Light,Gamaleya Research Institute,,,,,REPORTING
IRQ,Gamaleya - Sputnik-Light,Sputnik-Light,Gamaleya Research Institute,,,,,REPORTING
BHR,Gamaleya - Sputnik-Light,Sputnik-Light,Gamaleya Research Institute,2020-11-03,2020-11-04,,,REPORTING
SYC,Julphar - Hayat-Vax,Hayat-Vax,,,,,,REPORTING
PRY,Julphar - Hayat-Vax,Hayat-Vax,,2020-12-30,2021-05-24,,,REPORTING
PHL,Julphar - Hayat-Vax,Hayat-Vax,,2021-08-11,2021-08-25,,,REPORTING
IRN,Shifa - COVIran Barakat,COVIran Barakat,,,,,,REPORTING
MCO,Novavax - Covavax,Covavax,,,2022-03-30,,,REPORTING
THA,SII - Covovax,Covovax,,2022-04-27,,,,REPORTING
IND,SII - Covovax,Covovax,,,,,,REPORTING
FRA,Moderna  Spikevax Bivalent Original/Omicron BA.1,Spikevax Bivalent Original/Omicron BA.1,,,2022-09-28,,,REPORTING
LUX,Moderna  Spikevax Bivalent Original/Omicron BA.1,Spikevax Bivalent Original/Omicron BA.1,,,2022-09-14,,,REPORTING
ITA,Moderna  Spikevax Bivalent Original/Omicron BA.1,Spikevax Bivalent Original/Omicron BA.1,,,2022-02-09,,,REPORTING
LVA,Moderna  Spikevax Bivalent Original/Omicron BA.1,Spikevax Bivalent Original/Omicron BA.1,,,2022-09-14,,,REPORTING
AUT,Moderna  Spikevax Bivalent Original/Omicron BA.1,Spikevax Bivalent Original/Omicron BA.1,,,2021-02-10,,,REPORTING
EST,Moderna  Spikevax Bivalent Original/Omicron BA.1,Spikevax Bivalent Original/Omicron BA.1,,,2022-10-12,,,REPORTING
PRT,Moderna  Spikevax Bivalent Original/Omicron BA.1,Spikevax Bivalent Original/Omicron BA.1,,,2021-03-31,,,REPORTING
CZE,Moderna  Spikevax Bivalent Original/Omicron BA.1,Spikevax Bivalent Original/Omicron BA.1,,,2022-11-23,,,REPORTING
CHE,Moderna  Spikevax Bivalent Original/Omicron BA.1,Spikevax Bivalent Original/Omicron BA.1,,,2020-12-30,,,REPORTING
FRA,Moderna  Spikevax Bivalent Original/Omicron BA.4/BA.5,Spikevax Bivalent Original/Omicron BA.4/BA.5,,,2023-02-01,,,REPORTING
ITA,Moderna  Spikevax Bivalent Original/Omicron BA.4/BA.5,Spikevax Bivalent Original/Omicron BA.4/BA.5,,,2022-12-14,,,REPORTING
EST,Moderna  Spikevax Bivalent Original/Omicron BA.4/BA.5,Spikevax Bivalent Original/Omicron BA.4/BA.5,,,2023-01-18,,,REPORTING
PRT,Moderna  Spikevax Bivalent Original/Omicron BA.4/BA.5,Spikevax Bivalent Original/Omicron BA.4/BA.5,,,2021-08-04,,,REPORTING
CZE,Moderna  Spikevax Bivalent Original/Omicron BA.4/BA.5,Spikevax Bivalent Original/Omicron BA.4/BA.5,,,2023-01-25,,,REPORTING
LUX,Pfizer BioNTech - Comirnaty Bivalent Original/Omicron BA.1,Comirnaty Bivalent Original/Omicron BA.1,,,2022-09-07,,,REPORTING
HUN,Pfizer BioNTech - Comirnaty Bivalent Original/Omicron BA.1,Comirnaty Bivalent Original/Omicron BA.1,,,2022-09-07,,,REPORTING
ITA,Pfizer BioNTech - Comirnaty Bivalent Original/Omicron BA.1,Comirnaty Bivalent Original/Omicron BA.1,,,2022-01-05,,,REPORTING
LVA,Pfizer BioNTech - Comirnaty Bivalent Original/Omicron BA.1,Comirnaty Bivalent Original/Omicron BA.1,,,2022-09-14,,,REPORTING
GRC,Pfizer BioNTech - Comirnaty Bivalent Original/Omicron BA.1,Comirnaty Bivalent Original/Omicron BA.1,,,2022-09-28,,,REPORTING
AUT,Pfizer BioNTech - Comirnaty Bivalent Original/Omicron BA.1,Comirnaty Bivalent Original/Omicron BA.1,,,2020-12-30,,,REPORTING
EST,Pfizer BioNTech - Comirnaty Bivalent Original/Omicron BA.1,Comirnaty Bivalent Original/Omicron BA.1,,,2022-09-28,,,REPORTING
PRT,Pfizer BioNTech - Comirnaty Bivalent Original/Omicron BA.1,Comirnaty Bivalent Original/Omicron BA.1,,,2020-12-30,,,REPORTING
CZE,Pfizer BioNTech - Comirnaty Bivalent Original/Omicron BA.1,Comirnaty Bivalent Original/Omicron BA.1,,,2022-09-14,,,REPORTING
CHE,Pfizer BioNTech - Comirnaty Bivalent Original/Omicron BA.1,Comirnaty Bivalent Original/Omicron BA.1,,,2021-01-13,,,REPORTING
FRA,Pfizer BioNTech - Comirnaty Bivalent Original/Omicron BA.4/BA.5,Comirnaty Bivalent Original/Omicron BA.4/BA.5,,,2022-10-05,,,REPORTING
LUX,Pfizer BioNTech - Comirnaty Bivalent Original/Omicron BA.4/BA.5,Comirnaty Bivalent Original/Omicron BA.4/BA.5,,,2022-10-12,,,REPORTING
AND,Pfizer BioNTech - Comirnaty Bivalent Original/Omicron BA.4/BA.5,Comirnaty Bivalent Original/Omicron BA.4/BA.5,,,2023-03-22,,,REPORTING
ITA,Pfizer BioNTech - Comirnaty Bivalent Original/Omicron BA.4/BA.5,Comirnaty Bivalent Original/Omicron BA.4/BA.5,,,2022-09-28,,,REPORTING
LVA,Pfizer BioNTech - Comirnaty Bivalent Original/Omicron BA.4/BA.5,Comirnaty Bivalent Original/Omicron BA.4/BA.5,,,2022-10-05,,,REPORTING
GRC,Pfizer BioNTech - Comirnaty Bivalent Original/Omicron BA.4/BA.5,Comirnaty Bivalent Original/Omicron BA.4/BA.5,,,2022-10-05,,,REPORTING
AUT,Pfizer BioNTech - Comirnaty Bivalent Original/Omicron BA.4/BA.5,Comirnaty Bivalent Original/Omicron BA.4/BA.5,,,2021-01-13,,,REPORTING
ALB,Pfizer BioNTech - Comirnaty Bivalent Original/Omicron BA.4/BA.5,Comirnaty Bivalent Original/Omicron BA.4/BA.5,,,2023-03-29,,,REPORTING
EST,Pfizer BioNTech - Comirnaty Bivalent Original/Omicron BA.4/BA.5,Comirnaty Bivalent Original/Omicron BA.4/BA.5,,,2022-09-28,,,REPORTING
PRT,Pfizer BioNTech - Comirnaty Bivalent Original/Omicron BA.4/BA.5,Comirnaty Bivalent Original/Omicron BA.4/BA.5,,,2021-02-10,,,REPORTING
CZE,Pfizer BioNTech - Comirnaty Bivalent Original/Omicron BA.4/BA.5,Comirnaty Bivalent Original/Omicron BA.4/BA.5,,,2022-10-05,,,REPORTING
DEU,Moderna  Spikevax Bivalent Original/Omicron  - Generic,Moderna  Spikevax Bivalent Original/Omicron  - Generic,,,2022-09-14,,,REPORTING
TJK,Moderna  Spikevax Bivalent Original/Omicron  - Generic,Moderna  Spikevax Bivalent Original/Omicron  - Generic,,,2023-03-15,,,REPORTING
SVN,Moderna  Spikevax Bivalent Original/Omicron  - Generic,Moderna  Spikevax Bivalent Original/Omicron  - Generic,,,2022-11-30,,,REPORTING
DEU,Pfizer BioNTech - Comirnaty Bivalent Original/Omicron - Generic,Pfizer BioNTech - Comirnaty Bivalent Original/Omicron - Generic,,,2022-09-07,,,REPORTING
TJK,Pfizer BioNTech - Comirnaty Bivalent Original/Omicron - Generic,Pfizer BioNTech - Comirnaty Bivalent Original/Omicron - Generic,,,2023-04-19,,,REPORTING
SVN,Pfizer BioNTech - Comirnaty Bivalent Original/Omicron - Generic,Pfizer BioNTech - Comirnaty Bivalent Original/Omicron - Generic,,,2022-08-03,,,REPORTING
